TripId,StopId,StopSequence,ArrivalDelay,ArrivalTime,DepartureDelay,DepartureTime,ScheduleRelationship
254163638,9057862,,,,0.0,,Scheduled
282351984,9013478,,,,0.0,,Scheduled
282385362,9058008,5.0,-60.0,,0.0,,Scheduled
264505093,9050640,11.0,30.0,,30.0,,Scheduled
282384857,9049320,,,,0.0,,Scheduled
282181347,8002553,,,,0.0,,Scheduled
282188083,9090291,,,,0.0,,Scheduled
282351771,9023280,7.0,60.0,,0.0,,Scheduled
282392510,8002549,,,,0.0,,Scheduled
282184222,9049079,,,,0.0,,Scheduled
280186337,9014287,,,,0.0,,Scheduled
282187429,9099737,,,,0.0,,Scheduled
274410183,705022,8.0,0.0,,0.0,,Scheduled
282358230,9027253,,,,0.0,,Scheduled
279030600,9013864,,,,0.0,,Scheduled
282188188,9012657,,,,0.0,,Scheduled
282351742,9011118,,,,0.0,,Scheduled
282183741,9049079,,,,0.0,,Scheduled
282352057,8002553,,,,0.0,,Scheduled
255948163,9089379,,,,39.0,,Scheduled
279035390,9014029,10.0,0.0,,0.0,,Scheduled
282384703,9006220,,,,0.0,,Scheduled
282351637,8011480,,,,0.0,,Scheduled
282392468,8000058,,,,0.0,,Scheduled
282181664,9066023,,,,0.0,,Scheduled
282184047,9049079,,,,0.0,,Scheduled
257706490,9000968,31.0,0.0,,0.0,,Scheduled
282183932,8000238,,,,0.0,,Scheduled
282352148,9098523,,,,0.0,,Scheduled
282351667,9068704,,,,0.0,,Scheduled
282187928,9013927,,,,0.0,,Scheduled
282351997,9066926,,,,0.0,,Scheduled
282181712,9066023,,,,0.0,,Scheduled
282188122,9013927,,,,0.0,,Scheduled
282484939,9014423,,,,0.0,,Scheduled
256656429,9089607,12.0,60.0,,60.0,,Scheduled
282187357,9025726,,,,0.0,,Scheduled
282384692,9006220,,,,0.0,,Scheduled
282181217,9039654,,,,0.0,,Scheduled
282129511,9072716,23.0,0.0,,0.0,,Scheduled
279028237,9013905,,,,0.0,,Scheduled
282357298,9023309,4.0,120.0,,60.0,,Scheduled
282351809,8004665,9.0,60.0,,120.0,,Scheduled
282351432,8000049,,,,0.0,,Scheduled
282187589,9013927,,,,0.0,,Scheduled
282349256,8000023,,,,0.0,,Scheduled
282181545,9101825,,,,0.0,,Scheduled
279000466,9043530,20.0,0.0,,0.0,,Scheduled
279010166,9049424,9.0,60.0,,70.0,,Scheduled
257707385,9000446,22.0,0.0,,0.0,,Scheduled
282188119,9013927,,,,0.0,,Scheduled
282349106,8002549,,,,0.0,,Scheduled
282392449,8000058,,,,0.0,,Scheduled
257709481,9099164,45.0,0.0,,0.0,,Scheduled
282384924,9076697,,,,0.0,,Scheduled
282181288,9017279,,,,0.0,,Scheduled
282184039,9049079,,,,0.0,,Scheduled
282188215,9013927,,,,0.0,,Scheduled
282185411,9033817,,,,0.0,,Scheduled
282351509,8000049,9.0,-60.0,,0.0,,Scheduled
282351472,8005413,,,,0.0,,Scheduled
282187135,9013927,,,,0.0,,Scheduled
282385472,9057819,,,,0.0,,Scheduled
274411768,708555,18.0,0.0,,0.0,,Scheduled
276907966,705106,7.0,40.0,,0.0,,Scheduled
256657204,9089513,20.0,-60.0,,0.0,,Scheduled
282351529,9041699,,,,0.0,,Scheduled
257709464,9099164,45.0,0.0,,0.0,,Scheduled
282351696,8010256,,,,0.0,,Scheduled
282385506,9057819,,,,0.0,,Scheduled
282357081,9014515,,,,0.0,,Scheduled
265721199,9071463,8.0,0.0,,0.0,,Scheduled
282351825,9033817,,,,0.0,,Scheduled
282129145,9027231,19.0,147.0,,224.0,,Scheduled
257706808,9000129,6.0,0.0,,0.0,,Scheduled
257706142,9000412,18.0,142.0,,201.0,,Scheduled
257708599,9090300,39.0,0.0,,0.0,,Scheduled
282183681,9104540,,,,0.0,,Scheduled
282347654,9066582,,,,0.0,,Scheduled
282347622,9057819,,,,0.0,,Scheduled
282183778,9057819,,,,0.0,,Scheduled
282188297,9044501,,,,0.0,,Scheduled
257706392,9070744,24.0,0.0,,0.0,,Scheduled
282357883,9027253,,,,0.0,,Scheduled
282181061,9046671,,,,0.0,,Scheduled
281357213,9000412,,,,0.0,,Scheduled
282181286,9017279,,,,0.0,,Scheduled
274761609,3494062,,,,0.0,,Scheduled
282349080,8003478,7.0,0.0,,60.0,,Scheduled
279039198,9013869,11.0,77.0,,89.0,,Scheduled
282358344,9049079,,,,0.0,,Scheduled
282181573,8000023,,,,0.0,,Scheduled
282351441,8000049,4.0,-60.0,,0.0,,Scheduled
282183768,9057819,,,,0.0,,Scheduled
256654091,9081711,4.0,0.0,,0.0,,Scheduled
281357290,9007519,,,,0.0,,Scheduled
282351503,9041699,,,,0.0,,Scheduled
280194203,9013914,3.0,0.0,,0.0,,Scheduled
282181506,9101825,,,,0.0,,Scheduled
282181282,9017279,,,,0.0,,Scheduled
261501837,9098431,17.0,392.0,,392.0,,Scheduled
282351870,9001719,,,,0.0,,Scheduled
282485787,9081398,,,,0.0,,Scheduled
274408859,708451,10.0,0.0,,45.0,,Scheduled
282486023,9014385,18.0,0.0,,0.0,,Scheduled
282184139,9057819,,,,0.0,,Scheduled
282351662,9033817,,,,0.0,,Scheduled
282347959,8002549,,,,0.0,,Scheduled
257706862,9000237,13.0,0.0,,0.0,,Scheduled
282464264,8000152,,,,0.0,,Scheduled
282392416,9340000,,,,0.0,,Scheduled
282351865,9001719,,,,0.0,,Scheduled
282356946,8000152,,,,0.0,,Scheduled
282384700,9006220,,,,0.0,,Scheduled
282384890,9049320,,,,0.0,,Scheduled
257708396,9000412,27.0,204.0,,235.0,,Scheduled
282351496,8000049,,,,0.0,,Scheduled
282352242,9098523,,,,0.0,,Scheduled
279031851,9014285,,,,0.0,,Scheduled
282349224,8000023,,,,0.0,,Scheduled
282351489,8000049,,,,0.0,,Scheduled
282348503,8002549,4.0,-60.0,,60.0,,Scheduled
282384696,9006220,,,,0.0,,Scheduled
282357784,9049079,,,,0.0,,Scheduled
255947457,9019810,26.0,0.0,,0.0,,Scheduled
282384690,9006220,,,,0.0,,Scheduled
282351888,9033817,,,,0.0,,Scheduled
260902651,9000412,,,,0.0,,Scheduled
282181384,8002553,,,,0.0,,Scheduled
282349265,8000023,,,,0.0,,Scheduled
279028989,9013716,48.0,0.0,,-30.0,,Scheduled
264504995,9028697,,,,0.0,,Scheduled
282357421,8002549,,,,0.0,,Scheduled
282183699,9104540,,,,0.0,,Scheduled
257707850,9000477,30.0,0.0,,0.0,,Scheduled
282348496,9057819,,,,0.0,,Scheduled
282357117,9071612,,,,0.0,,Scheduled
282351954,9039654,,,,0.0,,Scheduled
282385478,9057819,,,,0.0,,Scheduled
282384706,9006220,,,,0.0,,Scheduled
282349110,8002549,,,,0.0,,Scheduled
282349132,8000804,,,,0.0,,Scheduled
282351956,9039654,,,,0.0,,Scheduled
282385134,9049320,,,,0.0,,Scheduled
282357148,9014515,,,,0.0,,Scheduled
282183685,9104540,,,,0.0,,Scheduled
276928625,9072275,31.0,42.0,,42.0,,Scheduled
282351474,8005413,,,,0.0,,Scheduled
279038580,9013685,3.0,0.0,,0.0,,Scheduled
255947383,9019771,9.0,0.0,,0.0,,Scheduled
282351693,8010256,,,,0.0,,Scheduled
282351575,8000049,,,,0.0,,Scheduled
282385101,9027253,,,,0.0,,Scheduled
282351543,8000049,,,,0.0,,Scheduled
279035538,9014184,,,,0.0,,Scheduled
274397759,708403,11.0,0.0,,0.0,,Scheduled
279027782,9013905,,,,0.0,,Scheduled
279028982,9013716,48.0,0.0,,-30.0,,Scheduled
282384878,9049320,,,,0.0,,Scheduled
282181512,9101825,,,,0.0,,Scheduled
282348515,9057819,,,,0.0,,Scheduled
279027152,9013823,26.0,0.0,,0.0,,Scheduled
257708740,9000441,51.0,40.0,,40.0,,Scheduled
265720063,9002370,,,,0.0,,Scheduled
282384698,9006220,,,,0.0,,Scheduled
282351783,8000019,,,,0.0,,Scheduled
282188217,9013927,,,,0.0,,Scheduled
280191235,9013968,12.0,-6.0,,0.0,,Scheduled
282392568,8002549,,,,0.0,,Scheduled
282385262,9044660,,,,0.0,,Scheduled
282392532,8002549,,,,0.0,,Scheduled
282180946,8002549,,,,0.0,,Scheduled
282352197,9098523,,,,0.0,,Scheduled
282358336,9049079,,,,0.0,,Scheduled
282356822,9067921,20.0,0.0,,60.0,,Scheduled
257708595,9090300,39.0,0.0,,0.0,,Scheduled
280190760,9014165,29.0,-6.0,,0.0,,Scheduled
282351855,9001717,,,,0.0,,Scheduled
278997009,9062913,19.0,-60.0,,0.0,,Scheduled
282181533,9101825,,,,0.0,,Scheduled
282352167,9098523,,,,0.0,,Scheduled
279027044,9013765,,,,0.0,,Scheduled
279032710,9013947,23.0,0.0,,0.0,,Scheduled
282357619,8002549,,,,0.0,,Scheduled
282351599,8005270,,,,0.0,,Scheduled
282185174,9033817,,,,0.0,,Scheduled
282351658,9033817,,,,0.0,,Scheduled
282357157,9013927,,,,0.0,,Scheduled
280194124,9013854,,,,303.0,,Scheduled
282181590,8000023,,,,0.0,,Scheduled
282351586,8000049,,,,0.0,,Scheduled
282385159,9049320,,,,0.0,,Scheduled
282384936,9076697,,,,0.0,,Scheduled
279037798,9013709,41.0,0.0,1683570060.0,0.0,1683570060.0,Scheduled
279027040,9013765,,,,0.0,,Scheduled
257709468,9099166,46.0,151.0,,97.0,,Scheduled
282357726,8002549,,,,0.0,,Scheduled
282420573,8600623,,,,0.0,,Scheduled
279027245,9013765,43.0,0.0,,18.0,,Scheduled
282357763,9066023,3.0,0.0,,60.0,,Scheduled
282385448,8010066,,,,0.0,,Scheduled
273984346,9093709,,,,0.0,,Scheduled
282358338,9049079,,,,0.0,,Scheduled
273199892,705963,,,,0.0,,Scheduled
280188510,9019802,8.0,0.0,,0.0,,Scheduled
282187485,9071612,,,,0.0,,Scheduled
282351889,9033817,,,,0.0,,Scheduled
282392564,8002549,,,,0.0,,Scheduled
282485439,9014421,39.0,-76.0,,0.0,,Scheduled
282351523,9041699,,,,0.0,,Scheduled
282357368,8002549,,,,0.0,,Scheduled
282348380,8002549,,,,0.0,,Scheduled
280186338,9014287,,,,0.0,,Scheduled
282385368,9303000,,,,0.0,,Scheduled
279029492,9013716,,,,0.0,,Scheduled
279029329,9013773,38.0,0.0,,24.0,,Scheduled
282182643,9000761,11.0,60.0,,0.0,,Scheduled
282348167,9058104,,,,0.0,,Scheduled
282187796,9000647,,,,0.0,,Scheduled
278997057,9027270,,,,0.0,,Scheduled
280187245,9013925,,,,0.0,,Scheduled
257707115,9090310,12.0,0.0,,0.0,,Scheduled
282358282,9049079,7.0,660.0,,720.0,,Scheduled
257705976,9000239,2.0,0.0,,0.0,,Scheduled
282188264,9067997,,,,0.0,,Scheduled
282484713,9014417,12.0,-24.0,,0.0,,Scheduled
282385398,8010268,,,,0.0,,Scheduled
280193620,9013936,,,,0.0,,Scheduled
282385051,9027253,,,,0.0,,Scheduled
282348140,8005019,6.0,60.0,,0.0,,Scheduled
282351859,9001717,,,,0.0,,Scheduled
282357047,9014515,,,,0.0,,Scheduled
282356844,8000152,,,,0.0,,Scheduled
279036707,9014155,,,,0.0,,Scheduled
281357551,9020362,,,,0.0,,Scheduled
274406290,705104,11.0,0.0,,40.0,,Scheduled
282187165,9099578,5.0,60.0,,0.0,,Scheduled
282187167,8002537,19.0,480.0,,420.0,,Scheduled
282357571,8002549,,,,0.0,,Scheduled
257707389,9000446,22.0,0.0,,0.0,,Scheduled
282187337,9099737,,,,0.0,,Scheduled
265759763,9015209,,,,0.0,,Scheduled
282184232,9049079,,,,0.0,,Scheduled
282352005,9066926,,,,0.0,,Scheduled
282351461,8000049,3.0,-60.0,,0.0,,Scheduled
282351624,9068990,13.0,0.0,,0.0,,Scheduled
282181377,8002553,,,,0.0,,Scheduled
282185448,9033817,,,,0.0,,Scheduled
282351847,9051354,,,,0.0,,Scheduled
282182486,8000297,,,,0.0,,Scheduled
282330428,9014418,,,,0.0,,Scheduled
282185105,8000193,,,,0.0,,Scheduled
262960407,9089046,,,,0.0,,Scheduled
257707898,9080487,23.0,0.0,,0.0,,Scheduled
281357567,9020362,,,,0.0,,Scheduled
282357879,9027253,,,,0.0,,Scheduled
282351480,8000049,,,,0.0,,Scheduled
282392514,8002549,,,,0.0,,Scheduled
267214195,9075831,40.0,1140.0,,1140.0,,Scheduled
282183933,8000238,,,,0.0,,Scheduled
255948220,9089379,,,,0.0,,Scheduled
257706995,9000129,15.0,0.0,,0.0,,Scheduled
282384684,9044660,,,,0.0,,Scheduled
282357374,8002549,,,,0.0,,Scheduled
282358316,9049079,,,,0.0,,Scheduled
282187251,9071612,,,,0.0,,Scheduled
282385357,9303000,,,,0.0,,Scheduled
282143899,9000035,,,,0.0,,Scheduled
282133054,9086805,36.0,0.0,,0.0,,Scheduled
282181254,9017279,,,,0.0,,Scheduled
274401093,705009,25.0,0.0,,30.0,,Scheduled
282384862,9049320,,,,0.0,,Scheduled
282135081,9066107,2.0,0.0,,0.0,,Scheduled
282351600,8005270,,,,0.0,,Scheduled
261503492,9000412,,,,0.0,,Scheduled
257708598,9090300,39.0,508.0,,508.0,,Scheduled
282351894,9023280,,,,0.0,,Scheduled
282348109,9058104,,,,0.0,,Scheduled
274395096,704990,20.0,0.0,,0.0,,Scheduled
282185209,8001884,,,,0.0,,Scheduled
282351843,9051354,,,,0.0,,Scheduled
257705432,9000146,27.0,-28.0,,-4.0,,Scheduled
282183691,9104540,,,,0.0,,Scheduled
282187163,9013927,,,,0.0,,Scheduled
282133382,9026828,21.0,60.0,,60.0,,Scheduled
282351517,9041699,,,,0.0,,Scheduled
273196910,705595,,,,0.0,,Scheduled
282188051,9013927,,,,0.0,,Scheduled
279034181,9014250,4.0,0.0,,0.0,,Scheduled
282385523,8010066,,,,0.0,,Scheduled
282184224,9049079,,,,0.0,,Scheduled
282181522,9101825,,,,0.0,,Scheduled
282187852,9013927,,,,0.0,,Scheduled
282183835,9049079,,,,0.0,,Scheduled
282351460,8005413,,,,0.0,,Scheduled
273983915,9032485,,,,0.0,,Scheduled
282348066,9058104,,,,0.0,,Scheduled
282182237,9071612,,,,0.0,,Scheduled
282182494,8000297,,,,0.0,,Scheduled
282392531,8002549,,,,0.0,,Scheduled
278996336,9019007,14.0,0.0,,0.0,,Scheduled
282181408,8002553,,,,0.0,,Scheduled
282187358,9025726,,,,0.0,,Scheduled
282352186,9098523,,,,0.0,,Scheduled
282347625,9057819,,,,0.0,,Scheduled
282185261,8001884,,,,0.0,,Scheduled
279857316,9000412,38.0,,1683611700.0,,,Skipped
282181300,9043067,,,,0.0,,Scheduled
282351966,8002553,,,,0.0,,Scheduled
282351880,9001717,,,,0.0,,Scheduled
282187587,9013927,,,,0.0,,Scheduled
282347939,8002549,,,,0.0,,Scheduled
279031686,9013905,,,,0.0,,Scheduled
282187969,9013927,11.0,60.0,,0.0,,Scheduled
282357299,9023309,4.0,180.0,,120.0,,Scheduled
279026842,9014155,43.0,0.0,,30.0,,Scheduled
282347955,8002549,,,,0.0,,Scheduled
282357910,9027253,,,,0.0,,Scheduled
279856805,9031949,14.0,456.0,,456.0,,Scheduled
274393336,708543,37.0,0.0,,20.0,,Scheduled
282348943,8002549,,,,0.0,,Scheduled
282357304,8002549,,,,0.0,,Scheduled
282358335,8000092,5.0,-60.0,,0.0,,Scheduled
282187496,9093050,14.0,1020.0,,960.0,,Scheduled
282347616,9057819,,,,0.0,,Scheduled
254153850,3475318,19.0,0.0,,0.0,,Scheduled
279028409,9013905,,,,0.0,,Scheduled
279028236,9013905,,,,0.0,,Scheduled
282392504,8002549,,,,0.0,,Scheduled
282358168,9049079,,,,0.0,,Scheduled
282486342,9014505,28.0,0.0,,0.0,,Scheduled
282181450,8000092,,,,0.0,,Scheduled
282184220,9049079,,,,0.0,,Scheduled
279030599,9013864,,,,0.0,,Scheduled
282185160,9033817,,,,0.0,,Scheduled
279027781,9013905,,,,0.0,,Scheduled
282392441,8010304,,,,0.0,,Scheduled
256658276,9070415,24.0,120.0,,120.0,,Scheduled
282358087,9049079,,,,0.0,,Scheduled
278996321,9081740,34.0,-120.0,,-120.0,,Scheduled
282485222,9053196,6.0,0.0,,0.0,,Scheduled
282385173,9049320,,,,0.0,,Scheduled
277253538,9030170,8.0,-73.0,,89.0,,Scheduled
282392533,9340000,12.0,0.0,,60.0,,Scheduled
282187883,9013927,8.0,60.0,,0.0,,Scheduled
274389110,705064,38.0,0.0,,30.0,,Scheduled
257706863,9000237,13.0,0.0,,0.0,,Scheduled
279034126,9014992,32.0,-6.0,,0.0,,Scheduled
275136808,9089046,,,,0.0,,Scheduled
282351801,8000130,,,,0.0,,Scheduled
282181223,9039654,,,,0.0,,Scheduled
279033327,9014183,15.0,0.0,,0.0,,Scheduled
282181093,9046671,,,,0.0,,Scheduled
282352007,9066926,,,,0.0,,Scheduled
282351795,8000019,,,,0.0,,Scheduled
282183694,9104540,,,,0.0,,Scheduled
282183868,9057819,,,,0.0,,Scheduled
282352166,9098523,,,,0.0,,Scheduled
282351534,9041699,,,,0.0,,Scheduled
282181704,9066023,,,,0.0,,Scheduled
282184175,9057819,,,,0.0,,Scheduled
279033175,9014134,31.0,0.0,,24.0,,Scheduled
275934627,9013856,,,,0.0,,Scheduled
282351582,8000049,,,,0.0,,Scheduled
279033388,9013877,28.0,30.0,1683569040.0,42.0,1683569040.0,Scheduled
282187721,9014316,,,,0.0,,Scheduled
282351635,8010256,,,,0.0,,Scheduled
279031568,9013905,,,,0.0,,Scheduled
282348152,9058104,,,,0.0,,Scheduled
282181334,8002553,,,,0.0,,Scheduled
282181228,9066023,,,,0.0,,Scheduled
273403424,9000412,,,,0.0,,Scheduled
282385330,8013156,,,,0.0,,Scheduled
279037924,9013734,28.0,0.0,,0.0,,Scheduled
279028991,9013716,48.0,0.0,,-30.0,,Scheduled
254162960,706667,23.0,-180.0,,0.0,,Scheduled
282182167,8000297,,,,0.0,,Scheduled
282358191,9027253,,,,0.0,,Scheduled
282348078,9058104,,,,0.0,,Scheduled
282357077,9014515,,,,0.0,,Scheduled
262959710,9013730,8.0,18.0,,18.0,,Scheduled
257708600,9090300,39.0,0.0,,0.0,,Scheduled
282181304,9043067,,,,0.0,,Scheduled
282357821,9049079,,,,0.0,,Scheduled
282351867,9001719,,,,0.0,,Scheduled
282351547,9041699,9.0,0.0,,60.0,,Scheduled
280194345,9014262,3.0,0.0,,0.0,,Scheduled
280188300,9019732,12.0,0.0,,0.0,,Scheduled
280192877,9013925,14.0,0.0,,30.0,,Scheduled
282357162,9013927,,,,0.0,,Scheduled
282351805,9033817,,,,0.0,,Scheduled
282347896,8002549,,,,0.0,,Scheduled
282351787,8000019,,,,0.0,,Scheduled
282349263,8000023,,,,0.0,,Scheduled
274761614,3494062,,,,0.0,,Scheduled
282183772,9057819,,,,0.0,,Scheduled
282351477,8000049,,,,0.0,,Scheduled
256660861,9020704,8.0,-120.0,,0.0,,Scheduled
282384926,9076697,,,,0.0,,Scheduled
282357305,8002549,,,,0.0,,Scheduled
282181375,8002553,,,,0.0,,Scheduled
282348368,8002549,,,,0.0,,Scheduled
282185435,9033817,,,,0.0,,Scheduled
280186062,9014022,,,,0.0,,Scheduled
282181305,9043067,,,,0.0,,Scheduled
275140314,9068038,33.0,3.0,,3.0,,Scheduled
279031899,9013733,40.0,0.0,,6.0,,Scheduled
282384938,9076697,,,,0.0,,Scheduled
282351437,8005270,,,,0.0,,Scheduled
282384880,9049320,,,,0.0,,Scheduled
282351775,8000019,,,,0.0,,Scheduled
282392479,8002549,,,,0.0,,Scheduled
282187979,9089375,16.0,120.0,,0.0,,Scheduled
273196942,3494062,,,,0.0,,Scheduled
282187624,9014240,20.0,60.0,,0.0,,Scheduled
274321831,9062376,14.0,-74.0,,0.0,,Scheduled
282348233,9057819,,,,0.0,,Scheduled
282348143,9058104,,,,0.0,,Scheduled
282385364,9303000,,,,0.0,,Scheduled
273200393,705149,1.0,48.0,,48.0,,Scheduled
282463299,8000152,,,,0.0,,Scheduled
265716999,9022733,26.0,60.0,,60.0,,Scheduled
282348942,8002549,,,,0.0,,Scheduled
274323956,9073331,1.0,180.0,,180.0,,Scheduled
282183834,9049079,,,,0.0,,Scheduled
282385510,9057819,,,,0.0,,Scheduled
282351497,8000049,,,,0.0,,Scheduled
274761468,705284,,,,0.0,,Scheduled
282351607,8005270,,,,0.0,,Scheduled
282385481,9057819,,,,0.0,,Scheduled
282184026,9057819,,,,0.0,,Scheduled
282357135,9071612,12.0,0.0,,60.0,,Scheduled
282183968,8000238,,,,0.0,,Scheduled
282187593,9013927,,,,0.0,,Scheduled
282187544,9014329,5.0,60.0,,60.0,,Scheduled
273198474,704978,,,,0.0,,Scheduled
257705309,9000042,40.0,0.0,,0.0,,Scheduled
274388768,708367,38.0,0.0,,20.0,,Scheduled
282183782,9057819,,,,0.0,,Scheduled
282185119,8000193,,,,0.0,,Scheduled
280591560,9089687,43.0,-60.0,,0.0,,Scheduled
282356851,8000152,,,,0.0,,Scheduled
282385401,8010268,,,,0.0,,Scheduled
282351817,9033817,,,,0.0,,Scheduled
282185115,8000193,,,,0.0,,Scheduled
282181294,9017279,,,,0.0,,Scheduled
282358310,9049079,,,,0.0,,Scheduled
275140241,9091198,,,,0.0,,Scheduled
282183830,9049079,,,,0.0,,Scheduled
276907838,708452,6.0,0.0,,0.0,,Scheduled
282351440,8005270,,,,0.0,,Scheduled
280186061,9014022,,,,0.0,,Scheduled
276928694,9055733,33.0,2.0,,2.0,,Scheduled
278998203,9031309,22.0,0.0,,0.0,,Scheduled
274324212,9084558,15.0,60.0,,60.0,,Scheduled
282357091,9014418,11.0,480.0,,540.0,,Scheduled
280190868,9013980,20.0,0.0,,0.0,,Scheduled
282187494,9008989,3.0,60.0,,0.0,,Scheduled
282187169,8002537,19.0,1260.0,,1200.0,,Scheduled
282181406,8002553,,,,0.0,,Scheduled
282351951,9039654,,,,0.0,,Scheduled
282180929,8002549,,,,0.0,,Scheduled
282181291,9039654,6.0,0.0,,60.0,,Scheduled
282357115,9071612,,,,0.0,,Scheduled
282484710,9014508,9.0,0.0,,0.0,,Scheduled
282392527,8002549,,,,0.0,,Scheduled
282181360,8002553,,,,0.0,,Scheduled
279041289,9013971,,,,0.0,,Scheduled
282187339,9099737,,,,0.0,,Scheduled
282349069,8002549,,,,0.0,,Scheduled
282181463,8000092,,,,0.0,,Scheduled
280194204,9013914,3.0,0.0,,0.0,,Scheduled
282347634,9057819,,,,0.0,,Scheduled
282357756,8002549,,,,0.0,,Scheduled
257708195,9096048,23.0,0.0,,0.0,,Scheduled
282351779,8000019,,,,0.0,,Scheduled
282392470,8000058,,,,0.0,,Scheduled
282183934,8000238,,,,0.0,,Scheduled
254835324,9044674,,,,0.0,,Scheduled
257709238,9000790,11.0,0.0,,0.0,,Scheduled
269091545,9081746,1.0,120.0,,120.0,,Scheduled
282188021,9013927,,,,0.0,,Scheduled
282348353,8002549,,,,0.0,,Scheduled
282183966,8000238,,,,0.0,,Scheduled
282187601,9013927,,,,0.0,,Scheduled
282185229,8001884,,,,0.0,,Scheduled
282351963,8002553,,,,0.0,,Scheduled
282180936,9046671,10.0,1140.0,,1200.0,,Scheduled
274406291,705104,11.0,0.0,,40.0,,Scheduled
282184178,9057819,,,,0.0,,Scheduled
282188211,9013927,,,,0.0,,Scheduled
282185123,9033817,,,,0.0,,Scheduled
282352168,9098523,,,,0.0,,Scheduled
282384682,9044660,,,,0.0,,Scheduled
279028034,9013905,28.0,0.0,,12.0,,Scheduled
282181373,8002553,,,,0.0,,Scheduled
282181097,9046671,,,,0.0,,Scheduled
282357156,9013927,,,,0.0,,Scheduled
282351936,9044660,,,,0.0,,Scheduled
274410317,704890,15.0,173.0,,203.0,,Scheduled
282385268,9044660,,,,0.0,,Scheduled
282351724,9011118,,,,0.0,,Scheduled
275924829,9008993,,,,0.0,,Scheduled
282348519,9057819,,,,0.0,,Scheduled
282181620,8000023,,,,0.0,,Scheduled
282352111,8002553,,,,0.0,,Scheduled
282392462,8000058,,,,0.0,,Scheduled
282384830,9076697,,,,0.0,,Scheduled
282385215,9044660,,,,0.0,,Scheduled
282351717,9005205,9.0,0.0,,0.0,,Scheduled
282187880,9091901,,,,0.0,,Scheduled
282187308,9019646,19.0,1080.0,,1080.0,,Scheduled
279036709,9014155,,,,0.0,,Scheduled
282420577,8600623,,,,0.0,,Scheduled
282351622,8010256,,,,0.0,,Scheduled
282351448,8005270,,,,0.0,,Scheduled
257707008,9000412,19.0,72.0,,23.0,,Scheduled
257709430,9090370,16.0,0.0,,0.0,,Scheduled
282348509,9057819,,,,0.0,,Scheduled
282358341,9049079,,,,0.0,,Scheduled
282385174,9049320,,,,0.0,,Scheduled
282130304,9047069,9.0,300.0,,300.0,,Scheduled
282351588,8000049,,,,0.0,,Scheduled
254166886,701522,,,,0.0,,Scheduled
282463368,8000252,,,,0.0,,Scheduled
282181085,9046671,,,,0.0,,Scheduled
282357302,8002549,,,,0.0,,Scheduled
282351481,8000049,,,,0.0,,Scheduled
282357061,8000268,11.0,-60.0,,60.0,,Scheduled
282357065,8000152,12.0,-60.0,,60.0,,Scheduled
282349261,8000023,,,,0.0,,Scheduled
282181563,9101825,,,,0.0,,Scheduled
282181548,9101825,,,,0.0,,Scheduled
274401413,708557,26.0,0.0,,10.0,,Scheduled
282187416,9099737,,,,0.0,,Scheduled
282348993,8002549,,,,0.0,,Scheduled
276140658,115503,,,,0.0,,Scheduled
282385271,9044660,,,,0.0,,Scheduled
255926163,9066968,,,,0.0,,Scheduled
261030980,9061824,15.0,0.0,,0.0,,Scheduled
282183811,9049079,,,,0.0,,Scheduled
282181215,9039654,,,,0.0,,Scheduled
282330361,9014519,8.0,0.0,,0.0,,Scheduled
282351992,9013478,,,,0.0,,Scheduled
282385047,9027253,,,,0.0,,Scheduled
281357443,9088594,14.0,43.0,,43.0,,Scheduled
282348377,8002549,,,,0.0,,Scheduled
282385438,8011213,14.0,180.0,,180.0,,Scheduled
282420584,9027253,,,,0.0,,Scheduled
276928684,9102760,,,,0.0,,Scheduled
279027244,9013765,43.0,0.0,,18.0,,Scheduled
282385265,9044660,,,,0.0,,Scheduled
279370854,9072585,32.0,360.0,,300.0,,Scheduled
282347648,9066582,,,,0.0,,Scheduled
282392520,8002549,,,,0.0,,Scheduled
279032979,9013999,25.0,0.0,,6.0,,Scheduled
282385043,9027253,,,,0.0,,Scheduled
282351712,9038437,3.0,0.0,,60.0,,Scheduled
282351664,9033817,,,,0.0,,Scheduled
282385097,9027253,,,,0.0,,Scheduled
282358286,8002549,,,,0.0,,Scheduled
282185395,9033817,,,,0.0,,Scheduled
282356846,8000152,,,,0.0,,Scheduled
261501801,9006426,32.0,69.0,,69.0,,Scheduled
282385464,8010066,,,,0.0,,Scheduled
279034464,9014004,21.0,0.0,,0.0,,Scheduled
282356847,8000152,,,,0.0,,Scheduled
257707400,9000446,22.0,0.0,,0.0,,Scheduled
274420325,705025,4.0,0.0,,0.0,,Scheduled
282183722,9049079,,,,0.0,,Scheduled
254160691,3480144,13.0,-260.0,,-180.0,,Scheduled
282180909,8002549,,,,0.0,,Scheduled
260902615,9078186,32.0,281.0,,221.0,,Scheduled
282351892,9033817,,,,0.0,,Scheduled
257709236,9000790,11.0,0.0,,0.0,,Scheduled
282185403,8000753,3.0,0.0,,0.0,,Scheduled
254159973,3480942,23.0,60.0,,60.0,,Scheduled
255948173,9013925,,,,0.0,,Scheduled
282357380,8002549,,,,0.0,,Scheduled
280990069,705009,15.0,0.0,,30.0,,Scheduled
282347951,8002549,,,,0.0,,Scheduled
280990839,705061,15.0,0.0,,20.0,,Scheduled
257709718,9000129,32.0,0.0,,0.0,,Scheduled
282357803,9049079,,,,0.0,,Scheduled
282357779,8002549,8.0,660.0,,720.0,,Scheduled
282182656,9033817,,,,0.0,,Scheduled
282181436,8000092,,,,0.0,,Scheduled
279032982,9013999,25.0,8.0,,101.0,,Scheduled
282384691,9006220,,,,0.0,,Scheduled
280190836,9013980,15.0,0.0,,0.0,,Scheduled
282463143,8002634,,,,0.0,,Scheduled
282385444,8010066,,,,0.0,,Scheduled
282351571,8000049,,,,0.0,,Scheduled
282384978,9089597,,,,0.0,,Scheduled
279030761,9014155,21.0,0.0,,30.0,,Scheduled
257708546,9000266,39.0,0.0,,0.0,,Scheduled
257705489,9000412,28.0,363.0,,351.0,,Scheduled
282484695,9014443,39.0,88.0,,88.0,,Scheduled
282351444,8005270,,,,0.0,,Scheduled
282385473,9057819,,,,0.0,,Scheduled
282351645,9033817,,,,0.0,,Scheduled
279031811,9013823,30.0,0.0,,0.0,,Scheduled
257706491,9000968,31.0,0.0,,0.0,,Scheduled
282181400,8002553,,,,0.0,,Scheduled
282358281,9049079,7.0,0.0,,60.0,,Scheduled
282351699,9068704,,,,0.0,,Scheduled
282486341,9014387,20.0,30.0,,0.0,,Scheduled
282181336,8002553,,,,0.0,,Scheduled
282347908,8002549,,,,0.0,,Scheduled
282349103,8002549,,,,0.0,,Scheduled
282183693,9104540,,,,0.0,,Scheduled
282392502,8002549,,,,0.0,,Scheduled
255947531,9019793,24.0,0.0,,0.0,,Scheduled
262959664,9049821,,,,0.0,,Scheduled
274405701,708301,6.0,0.0,,0.0,,Scheduled
282351612,8005270,,,,0.0,,Scheduled
282385283,9044660,,,,0.0,,Scheduled
279033128,9014022,17.0,0.0,,-30.0,,Scheduled
282351861,9001717,,,,0.0,,Scheduled
282181338,8002553,,,,0.0,,Scheduled
282187490,9071612,,,,0.0,,Scheduled
282351652,9033817,,,,0.0,,Scheduled
278996955,9031029,14.0,0.0,,0.0,,Scheduled
282348525,9057819,,,,0.0,,Scheduled
282384697,9006220,,,,0.0,,Scheduled
282357804,9049079,,,,0.0,,Scheduled
282181623,8000023,,,,0.0,,Scheduled
282351722,9011118,,,,0.0,,Scheduled
282348359,8002549,,,,0.0,,Scheduled
282352128,9098523,,,,0.0,,Scheduled
282183720,9049079,,,,0.0,,Scheduled
256656379,9089608,33.0,220.0,,0.0,,Scheduled
279036989,9014155,,,,0.0,,Scheduled
279041324,9014988,,,,0.0,,Scheduled
282136290,9027499,,,,0.0,,Scheduled
282347666,9066582,,,,0.0,,Scheduled
282185113,8000193,,,,0.0,,Scheduled
282352055,8002553,,,,0.0,,Scheduled
282330404,9014418,,,,0.0,,Scheduled
282185050,8000193,,,,0.0,,Scheduled
282348533,9057819,,,,0.0,,Scheduled
274393335,708543,37.0,0.0,,20.0,,Scheduled
282356971,9014418,12.0,60.0,,120.0,,Scheduled
282385172,9049320,,,,0.0,,Scheduled
282183848,9005261,3.0,60.0,,0.0,,Scheduled
282384707,9006220,,,,0.0,,Scheduled
282349165,8000804,,,,0.0,,Scheduled
257705058,9000101,43.0,0.0,,-30.0,,Scheduled
280194143,9013914,9.0,0.0,,0.0,,Scheduled
282351446,8005270,,,,0.0,,Scheduled
281357535,9020362,,,,0.0,,Scheduled
282352033,8002553,,,,0.0,,Scheduled
282384674,9044660,,,,0.0,,Scheduled
282351463,8005413,,,,0.0,,Scheduled
262960371,9067591,,,,0.0,,Scheduled
279028152,9014285,,,,0.0,,Scheduled
279036816,9014105,8.0,-12.0,,0.0,,Scheduled
282358291,8002549,,,,0.0,,Scheduled
282188013,9044501,,,,0.0,,Scheduled
282351913,9023280,,,,0.0,,Scheduled
275934804,9100870,,,,0.0,,Scheduled
256656884,9048120,,,,0.0,,Scheduled
282351408,8000159,,,,0.0,,Scheduled
282187433,9075000,12.0,60.0,,0.0,,Scheduled
282187130,9019646,,,,0.0,,Scheduled
279032952,9014123,7.0,0.0,,0.0,,Scheduled
274410182,705022,8.0,0.0,,0.0,,Scheduled
257708431,9000086,,,,0.0,,Scheduled
256744453,9013730,37.0,26.0,,26.0,,Scheduled
280990070,705009,15.0,0.0,,30.0,,Scheduled
280192878,9013925,14.0,0.0,,30.0,,Scheduled
282181611,8000023,,,,0.0,,Scheduled
276140702,2062806,27.0,8.0,,8.0,,Scheduled
257706603,9028586,,,,206.0,,Scheduled
282384992,9089597,,,,0.0,,Scheduled
277255722,9031620,15.0,240.0,,240.0,,Scheduled
279032981,9013999,25.0,72.0,,78.0,,Scheduled
282351911,9023280,,,,0.0,,Scheduled
282347623,9057819,,,,0.0,,Scheduled
258439733,9026267,4.0,60.0,,60.0,,Scheduled
282185111,8000193,,,,0.0,,Scheduled
282348347,8002549,,,,0.0,,Scheduled
282392422,8010304,,,,0.0,,Scheduled
280193619,9013936,,,,0.0,,Scheduled
282385135,9049320,,,,0.0,,Scheduled
282357370,8002549,,,,0.0,,Scheduled
278999046,9048106,50.0,-64.0,,0.0,,Scheduled
282485786,9085613,33.0,125.0,,125.0,,Scheduled
282351886,9033817,,,,0.0,,Scheduled
282183843,9057819,,,,0.0,,Scheduled
274324168,9055713,16.0,0.0,,0.0,,Scheduled
282185166,9033817,,,,0.0,,Scheduled
279032022,9013823,26.0,0.0,,0.0,,Scheduled
282351475,8005413,,,,0.0,,Scheduled
282349269,8000023,,,,0.0,,Scheduled
282188266,9011521,8.0,-60.0,,0.0,,Scheduled
282348946,8002549,,,,0.0,,Scheduled
265719361,9082767,31.0,0.0,,0.0,,Scheduled
279034280,9014277,10.0,0.0,,-30.0,,Scheduled
282185253,8001884,,,,0.0,,Scheduled
282181654,9066023,,,,0.0,,Scheduled
273984233,9093709,,,,0.0,,Scheduled
277254977,9024331,38.0,60.0,,60.0,,Scheduled
282182169,8000297,,,,0.0,,Scheduled
282181367,8002553,,,,0.0,,Scheduled
282181265,9017279,,,,0.0,,Scheduled
262959250,9013925,37.0,0.0,,96.0,,Scheduled
282385012,9089597,,,,0.0,,Scheduled
282384998,9089597,,,,0.0,,Scheduled
280194208,9013914,3.0,0.0,,0.0,,Scheduled
282356975,8000152,,,,0.0,,Scheduled
282347943,8002549,,,,0.0,,Scheduled
279037796,9013709,41.0,0.0,,0.0,,Scheduled
282486875,9014439,,,,0.0,,Scheduled
282358285,8002549,,,,0.0,,Scheduled
282358297,8002549,,,,0.0,,Scheduled
279370519,9092903,28.0,-99.0,,-39.0,,Scheduled
282184119,9057819,,,,0.0,,Scheduled
282181694,9066023,,,,0.0,,Scheduled
282358339,9049079,,,,0.0,,Scheduled
282351714,9011118,,,,0.0,,Scheduled
257705427,9090571,19.0,0.0,,0.0,,Scheduled
282181235,9066023,,,,0.0,,Scheduled
255948285,9015209,,,,0.0,,Scheduled
279027783,9013905,,,,0.0,,Scheduled
279009978,9078172,3.0,0.0,,0.0,,Scheduled
274408856,708451,10.0,0.0,,45.0,,Scheduled
282351896,9023280,,,,0.0,,Scheduled
279036092,9013765,18.0,0.0,,24.0,,Scheduled
265515393,9099591,,,,0.0,,Scheduled
282185249,8001884,,,,0.0,,Scheduled
282182122,8000036,,,,0.0,,Scheduled
282357301,8002549,,,,0.0,,Scheduled
282486343,9014497,43.0,-6.0,,7.0,,Scheduled
282352038,8002553,,,,0.0,,Scheduled
282136698,9027505,9.0,-60.0,,0.0,,Scheduled
282182425,8000036,,,,0.0,,Scheduled
282385256,9044660,,,,0.0,,Scheduled
256654940,9081718,5.0,-60.0,,0.0,,Scheduled
282351910,9023280,,,,0.0,,Scheduled
274414550,708572,8.0,0.0,,20.0,,Scheduled
257708918,9095185,54.0,0.0,,0.0,,Scheduled
274396677,708315,19.0,0.0,,30.0,,Scheduled
269091525,9022078,29.0,-60.0,,0.0,,Scheduled
282385428,8010066,,,,0.0,,Scheduled
282351673,8010256,,,,0.0,,Scheduled
282184030,9057819,,,,0.0,,Scheduled
282486876,9014501,12.0,30.0,,30.0,,Scheduled
282181531,9101825,,,,0.0,,Scheduled
282351798,8000019,,,,0.0,,Scheduled
282180938,9046671,10.0,1560.0,,1620.0,,Scheduled
281357566,9020362,,,,0.0,,Scheduled
274323349,9058085,,,,0.0,,Scheduled
282351928,9046671,,,,0.0,,Scheduled
257707221,9000436,13.0,0.0,,0.0,,Scheduled
282351469,8005413,,,,0.0,,Scheduled
282351756,8000019,,,,0.0,,Scheduled
282385049,9027253,,,,0.0,,Scheduled
282134429,9037711,11.0,0.0,,0.0,,Scheduled
282392570,8000058,,,,0.0,,Scheduled
282131182,9086961,3.0,0.0,,0.0,,Scheduled
262960402,9012322,14.0,69.0,,69.0,,Scheduled
279035540,9014184,,,,0.0,,Scheduled
282187306,9099578,16.0,960.0,,660.0,,Scheduled
274414506,708572,19.0,0.0,,20.0,,Scheduled
282185265,8001884,,,,0.0,,Scheduled
282352177,9098523,,,,0.0,,Scheduled
280187247,9013925,,,,0.0,,Scheduled
282182240,9071612,,,,0.0,,Scheduled
282486213,9014383,11.0,0.0,,0.0,,Scheduled
282420579,9027253,,,,0.0,,Scheduled
274389111,705064,38.0,0.0,,30.0,,Scheduled
280192876,9013925,14.0,0.0,,30.0,,Scheduled
282356793,8000152,,,,0.0,,Scheduled
282181225,9039654,,,,0.0,,Scheduled
282487071,9014385,7.0,0.0,,0.0,,Scheduled
282352219,9098523,,,,0.0,,Scheduled
255948667,9039555,7.0,128.0,,128.0,,Scheduled
282351525,9041699,,,,0.0,,Scheduled
282185107,8000193,,,,0.0,,Scheduled
282351879,9001717,,,,0.0,,Scheduled
282351746,9011118,,,,0.0,,Scheduled
282181222,9039654,,,,0.0,,Scheduled
274761566,705271,31.0,-109.0,,0.0,,Scheduled
282351414,8000049,,,,0.0,,Scheduled
282182118,8000036,,,,0.0,,Scheduled
282351952,9039654,,,,0.0,,Scheduled
282182338,8000036,,,,0.0,,Scheduled
282347624,9057819,,,,0.0,,Scheduled
279856772,9014196,39.0,184.0,,184.0,,Scheduled
282180950,8002549,,,,0.0,,Scheduled
282357164,9013927,,,,0.0,,Scheduled
282180944,8002549,,,,0.0,,Scheduled
282347661,9066582,,,,0.0,,Scheduled
282358280,8002549,,,,0.0,,Scheduled
282347671,9066582,,,,0.0,,Scheduled
274395002,708453,21.0,0.0,,30.0,,Scheduled
282181452,8000092,,,,0.0,,Scheduled
279034553,9014301,22.0,0.0,,0.0,,Scheduled
261015900,9017999,,,,0.0,,Scheduled
282385353,8010322,,,,0.0,,Scheduled
282348954,8002549,,,,0.0,,Scheduled
274411494,705025,13.0,0.0,,0.0,,Scheduled
282420578,9027253,,,,0.0,,Scheduled
269091489,9022080,,,,0.0,,Scheduled
274406483,705040,11.0,0.0,,50.0,,Scheduled
282351614,8005270,,,,0.0,,Scheduled
282351549,9041718,8.0,60.0,,0.0,,Scheduled
282351666,9033817,,,,0.0,,Scheduled
254158044,3480066,,,,0.0,,Scheduled
282357889,9027253,,,,0.0,,Scheduled
279032711,9013947,23.0,0.0,,0.0,,Scheduled
282183828,9049079,,,,0.0,,Scheduled
282358319,9049079,,,,0.0,,Scheduled
279031519,9014184,,,,0.0,,Scheduled
282356977,8000152,,,,0.0,,Scheduled
282485421,9014444,41.0,157.0,,157.0,,Scheduled
282356973,8000152,,,,0.0,,Scheduled
282183776,9057819,,,,0.0,,Scheduled
277253489,9089359,10.0,-63.0,,0.0,,Scheduled
275136815,9089046,,,,0.0,,Scheduled
282357141,9014515,,,,0.0,,Scheduled
282185046,8000193,,,,0.0,,Scheduled
282181422,8002553,,,,0.0,,Scheduled
254158266,3480066,,,,0.0,,Scheduled
282185415,9033817,,,,0.0,,Scheduled
274409430,704977,9.0,0.0,,30.0,,Scheduled
282352129,8002553,13.0,300.0,,420.0,,Scheduled
282349060,8002549,,,,0.0,,Scheduled
282130119,9016770,30.0,180.0,,180.0,,Scheduled
282357154,9013927,,,,0.0,,Scheduled
282188213,9013927,,,,0.0,,Scheduled
282184218,9049079,,,,0.0,,Scheduled
282384944,9076697,,,,0.0,,Scheduled
282183702,9104540,,,,0.0,,Scheduled
282187304,9065535,7.0,120.0,,0.0,,Scheduled
282187728,9014316,,,,0.0,,Scheduled
257709237,9000790,11.0,0.0,,0.0,,Scheduled
282384680,9044660,,,,0.0,,Scheduled
282347631,9057819,,,,0.0,,Scheduled
282357027,9013927,,,,0.0,,Scheduled
282128958,9027231,,,,0.0,,Scheduled
282181311,9017279,,,,0.0,,Scheduled
282181381,8002553,,,,0.0,,Scheduled
282348106,9058104,,,,0.0,,Scheduled
279033535,9013749,2.0,0.0,,0.0,,Scheduled
273205773,706326,,,,0.0,,Scheduled
274413820,708404,15.0,0.0,,0.0,,Scheduled
275937857,9084914,,,,0.0,,Scheduled
282347642,9066582,,,,0.0,,Scheduled
257707514,9000436,18.0,0.0,,0.0,,Scheduled
282183780,9057819,,,,0.0,,Scheduled
282181290,9017279,,,,0.0,,Scheduled
257708039,9000074,14.0,0.0,,0.0,,Scheduled
282351845,9051354,,,,0.0,,Scheduled
279031689,9013905,,,,0.0,,Scheduled
282357123,9071612,,,,0.0,,Scheduled
282351934,9046671,,,,0.0,,Scheduled
282351799,8000130,,,,0.0,,Scheduled
282348365,8002549,,,,0.0,,Scheduled
282392558,8002549,,,,0.0,,Scheduled
273198438,705025,,,,0.0,,Scheduled
282384982,9089597,,,,0.0,,Scheduled
282351950,9039654,,,,0.0,,Scheduled
282349170,8002549,6.0,-60.0,,0.0,,Scheduled
275490245,9058059,38.0,-60.0,,0.0,,Scheduled
282351423,8000049,,,,0.0,,Scheduled
282357590,8002549,,,,0.0,,Scheduled
282357887,9027253,,,,0.0,,Scheduled
256658239,9088239,19.0,60.0,,60.0,,Scheduled
282357808,9049079,,,,0.0,,Scheduled
257707706,9096048,36.0,0.0,,0.0,,Scheduled
282349246,8000023,,,,0.0,,Scheduled
282187425,9099737,,,,0.0,,Scheduled
274761373,705284,,,,0.0,,Scheduled
280194144,9013914,9.0,0.0,,0.0,,Scheduled
282347997,9057819,,,,0.0,,Scheduled
282187431,9044595,7.0,120.0,,0.0,,Scheduled
282349287,8000023,,,,0.0,,Scheduled
266592586,9086511,24.0,0.0,,0.0,,Scheduled
282358287,8002549,,,,0.0,,Scheduled
255948251,9089379,,,,0.0,,Scheduled
279037743,9013797,18.0,0.0,,0.0,,Scheduled
282351671,9094547,14.0,0.0,,60.0,,Scheduled
282351464,8005413,,,,0.0,,Scheduled
282181091,9046671,,,,0.0,,Scheduled
282185372,9033817,,,,0.0,,Scheduled
282358346,9049079,,,,0.0,,Scheduled
282351450,8005270,,,,0.0,,Scheduled
282349172,8000804,,,,0.0,,Scheduled
282349253,8000023,,,,0.0,,Scheduled
257709431,9090370,16.0,0.0,,0.0,,Scheduled
282385238,9044660,,,,0.0,,Scheduled
282351573,8000049,,,,0.0,,Scheduled
279001608,9049032,22.0,60.0,,60.0,,Scheduled
282182543,8004720,6.0,60.0,,0.0,,Scheduled
279034469,9013999,25.0,0.0,,36.0,,Scheduled
282351443,8005270,,,,0.0,,Scheduled
257705274,9000392,17.0,90.0,,90.0,,Scheduled
282358239,8002549,,,,0.0,,Scheduled
282351457,8005413,,,,0.0,,Scheduled
282134890,9053587,22.0,-60.0,,0.0,,Scheduled
282351565,8000049,,,,0.0,,Scheduled
279033838,9013843,34.0,0.0,,0.0,,Scheduled
282348945,8002549,,,,0.0,,Scheduled
282349248,8000023,,,,0.0,,Scheduled
282357037,9013927,,,,0.0,,Scheduled
282349181,8000804,,,,0.0,,Scheduled
282187962,9014515,,,,0.0,,Scheduled
282181577,8000023,,,,0.0,,Scheduled
282188124,9013927,,,,0.0,,Scheduled
257707207,9000436,13.0,0.0,,0.0,,Scheduled
282385367,9303000,,,,0.0,,Scheduled
282349175,8000804,,,,0.0,,Scheduled
282188016,9013927,,,,0.0,,Scheduled
282184137,9057819,,,,0.0,,Scheduled
282184114,9057819,,,,0.0,,Scheduled
282357895,9027253,,,,0.0,,Scheduled
282184115,9057819,,,,0.0,,Scheduled
282392517,8002549,,,,0.0,,Scheduled
282181586,8000023,,,,0.0,,Scheduled
282485438,9014395,18.0,-87.0,,0.0,,Scheduled
282351476,8005413,,,,0.0,,Scheduled
255926223,9054163,20.0,120.0,,120.0,,Scheduled
282183922,8000238,,,,0.0,,Scheduled
282181269,9039654,,,,0.0,,Scheduled
279001369,9043530,12.0,60.0,,60.0,,Scheduled
282347641,9066582,,,,0.0,,Scheduled
282357160,9013927,,,,0.0,,Scheduled
274397926,705088,10.0,0.0,,0.0,,Scheduled
282385241,9044660,,,,0.0,,Scheduled
282385360,9340000,,,,0.0,,Scheduled
282185392,9033817,,,,0.0,,Scheduled
282384984,9089597,,,,0.0,,Scheduled
282348341,9057819,4.0,0.0,,60.0,,Scheduled
282351451,8005270,,,,0.0,,Scheduled
282348940,8000804,6.0,0.0,,60.0,,Scheduled
257707213,9000911,19.0,128.0,,143.0,,Scheduled
272829685,3475404,,,,0.0,,Scheduled
276928619,9013925,,,,0.0,,Scheduled
282351608,8005270,,,,0.0,,Scheduled
282463571,8000152,,,,0.0,,Scheduled
282351626,8010256,,,,0.0,,Scheduled
282351707,9068704,,,,0.0,,Scheduled
282357307,8002549,,,,0.0,,Scheduled
282351632,8010256,,,,0.0,,Scheduled
282187603,9013927,,,,0.0,,Scheduled
282351598,8005270,,,,0.0,,Scheduled
280192808,9013887,22.0,0.0,,12.0,,Scheduled
279037921,9065559,55.0,0.0,,0.0,,Scheduled
282351647,9033817,,,,0.0,,Scheduled
280184918,9055728,48.0,0.0,,24.0,,Scheduled
282181224,9039654,,,,0.0,,Scheduled
279856803,9013925,,,,0.0,,Scheduled
273984178,9093709,,,,0.0,,Scheduled
282181324,8002553,,,,0.0,,Scheduled
282188262,9067997,,,,0.0,,Scheduled
282384681,9044660,,,,0.0,,Scheduled
282185117,8000193,,,,0.0,,Scheduled
274321653,9049309,15.0,0.0,,0.0,,Scheduled
282185383,9033817,,,,0.0,,Scheduled
282183792,9026265,,,,0.0,,Scheduled
282351494,8000049,,,,0.0,,Scheduled
282385250,9044660,,,,0.0,,Scheduled
260902576,9014419,,,,0.0,,Scheduled
282385004,9089597,,,,0.0,,Scheduled
282181442,8000092,,,,0.0,,Scheduled
282384932,9076697,,,,0.0,,Scheduled
257708029,9000074,14.0,0.0,,0.0,,Scheduled
282188033,9044456,4.0,60.0,,0.0,,Scheduled
282351744,9011118,,,,0.0,,Scheduled
282348492,9057819,,,,0.0,,Scheduled
282358340,9049079,,,,0.0,,Scheduled
282188208,9013927,,,,0.0,,Scheduled
279027829,9013963,27.0,-12.0,,0.0,,Scheduled
282385375,8012264,19.0,0.0,,60.0,,Scheduled
282352181,9044660,7.0,1260.0,,1320.0,,Scheduled
282184012,9057819,,,,0.0,,Scheduled
254151711,3475032,13.0,0.0,,0.0,,Scheduled
265719581,9021925,18.0,60.0,,60.0,,Scheduled
273194971,705653,10.0,456.0,,486.0,,Scheduled
282351555,8000049,,,,0.0,,Scheduled
282352224,8002553,13.0,-60.0,,0.0,,Scheduled
282347635,9057819,,,,0.0,,Scheduled
282351628,8010256,,,,0.0,,Scheduled
282348499,9057819,,,,0.0,,Scheduled
282183818,9049079,,,,0.0,,Scheduled
254165517,3485293,18.0,-60.0,,0.0,,Scheduled
279036986,9014155,,,,0.0,,Scheduled
282357428,9066023,,,,0.0,,Scheduled
282183770,9057819,,,,0.0,,Scheduled
257707902,9080487,23.0,0.0,,0.0,,Scheduled
274405973,708301,6.0,0.0,,0.0,,Scheduled
255947116,9019810,19.0,160.0,,160.0,,Scheduled
282351538,9051354,,,,0.0,,Scheduled
282384868,9076697,7.0,60.0,,180.0,,Scheduled
282347911,8002549,,,,0.0,,Scheduled
282357158,9013927,,,,0.0,,Scheduled
282351620,8010256,,,,0.0,,Scheduled
282356811,8000152,,,,0.0,,Scheduled
257709515,9099164,45.0,0.0,,0.0,,Scheduled
282181661,9066023,,,,0.0,,Scheduled
282349250,8000023,,,,0.0,,Scheduled
282357103,9071612,,,,0.0,,Scheduled
279031787,9013823,22.0,0.0,,0.0,,Scheduled
274399293,705008,16.0,0.0,,40.0,,Scheduled
282181469,9046671,,,,0.0,,Scheduled
279033329,9014183,15.0,0.0,,0.0,,Scheduled
282358260,8002549,,,,0.0,,Scheduled
279027721,9014184,,,,0.0,,Scheduled
257705491,9000436,21.0,0.0,,0.0,,Scheduled
282484708,9014354,,,,0.0,,Scheduled
282385158,9049320,,,,0.0,,Scheduled
282356904,9067927,,,,0.0,,Scheduled
282182611,8000297,,,,0.0,,Scheduled
282358235,9027253,,,,0.0,,Scheduled
282351453,8005270,,,,0.0,,Scheduled
282181244,9066023,,,,0.0,,Scheduled
282347619,9057819,,,,0.0,,Scheduled
282187723,9014316,,,,0.0,,Scheduled
282181065,9046671,,,,0.0,,Scheduled
280194206,9013914,3.0,0.0,,0.0,,Scheduled
282348137,8000023,7.0,0.0,,0.0,,Scheduled
282392418,9340000,,,,0.0,,Scheduled
281357536,9098851,6.0,61.0,,61.0,,Scheduled
280194137,9013914,9.0,0.0,,0.0,,Scheduled
282185423,9033817,,,,0.0,,Scheduled
282349174,8000804,,,,0.0,,Scheduled
279032073,9014183,4.0,0.0,,0.0,,Scheduled
266571145,9038555,9.0,30.0,,30.0,,Scheduled
279041322,9014988,,,,0.0,,Scheduled
282347620,9057819,,,,0.0,,Scheduled
282183836,9049079,,,,0.0,,Scheduled
254166590,3485151,20.0,-120.0,,0.0,,Scheduled
282385325,8013156,,,,0.0,,Scheduled
279032889,9014238,2.0,0.0,,0.0,,Scheduled
282392566,8002549,,,,0.0,,Scheduled
282351452,8005270,,,,0.0,,Scheduled
275934622,9013962,,,,0.0,,Scheduled
279030598,9013864,,,,0.0,,Scheduled
282385366,9303000,,,,0.0,,Scheduled
282185058,8000193,,,,0.0,,Scheduled
282385145,9044660,6.0,0.0,,60.0,,Scheduled
282356906,9067927,,,,0.0,,Scheduled
282183774,9057819,,,,0.0,,Scheduled
282185149,9033817,,,,0.0,,Scheduled
282351924,9046671,,,,0.0,,Scheduled
282356908,9067921,,,,0.0,,Scheduled
282349183,8000804,,,,0.0,,Scheduled
282385142,9049320,,,,0.0,,Scheduled
282385526,8010066,,,,0.0,,Scheduled
282385244,9026827,5.0,120.0,,60.0,1683567300.0,Scheduled
255948624,9039406,17.0,204.0,,204.0,,Scheduled
282464008,8000871,,,,0.0,,Scheduled
282181289,9017279,,,,0.0,,Scheduled
279031569,9013905,,,,0.0,,Scheduled
282185451,9033817,,,,0.0,,Scheduled
274393633,705064,37.0,0.0,,30.0,,Scheduled
257705057,9000101,43.0,0.0,,-30.0,,Scheduled
282351615,9041699,,,,0.0,,Scheduled
282351943,9039654,,,,0.0,,Scheduled
257705433,9090571,19.0,0.0,,0.0,,Scheduled
282384671,9044660,,,,0.0,,Scheduled
279027934,9013905,,,,0.0,,Scheduled
282352036,9098523,13.0,1320.0,,1260.0,1683560400.0,Scheduled
274393337,708543,37.0,0.0,,20.0,,Scheduled
267214224,9075835,40.0,240.0,,240.0,,Scheduled
282351941,9044660,,,,0.0,,Scheduled
282358343,9049079,,,,0.0,,Scheduled
282358223,8002548,10.0,120.0,,60.0,,Scheduled
282348950,8002549,,,,0.0,,Scheduled
282063719,9102735,12.0,22.0,,22.0,,Scheduled
279032078,9014183,15.0,0.0,,0.0,,Scheduled
282385379,8010268,,,,0.0,,Scheduled
282351427,8000049,,,,0.0,,Scheduled
282385469,8011213,26.0,180.0,,180.0,,Scheduled
273205746,706343,8.0,301.0,,334.0,,Scheduled
282351734,9068704,,,,0.0,,Scheduled
282351654,9005205,7.0,0.0,,0.0,,Scheduled
255947368,9019793,29.0,0.0,,0.0,,Scheduled
282357896,9027253,,,,0.0,,Scheduled
282181632,8000023,,,,0.0,,Scheduled
279037923,9065559,55.0,0.0,1683570960.0,0.0,1683570960.0,Scheduled
282349077,8002549,,,,0.0,,Scheduled
282351590,8000049,,,,0.0,,Scheduled
279027042,9013765,,,,0.0,,Scheduled
282385474,9303000,6.0,-60.0,,0.0,,Scheduled
282351884,9033817,,,,0.0,,Scheduled
282181343,8002553,,,,0.0,,Scheduled
282385247,9049320,6.0,180.0,,240.0,,Scheduled
274411495,705025,13.0,0.0,,0.0,,Scheduled
282183784,9057819,,,,0.0,,Scheduled
282385274,9044660,,,,0.0,,Scheduled
282384874,9049320,,,,0.0,,Scheduled
282384942,9076697,,,,0.0,,Scheduled
282183746,9049079,,,,0.0,,Scheduled
282384688,9044660,,,,0.0,,Scheduled
282184034,9057819,,,,0.0,,Scheduled
282357071,9014515,,,,0.0,,Scheduled
282351925,9046671,,,,0.0,,Scheduled
282185184,9033817,,,,0.0,,Scheduled
282351515,9041699,,,,0.0,,Scheduled
282351908,9023280,,,,0.0,,Scheduled
282351501,9041699,,,,0.0,,Scheduled
282352009,9044660,,,,0.0,,Scheduled
257709668,9000129,6.0,0.0,,0.0,,Scheduled
282356900,8000268,20.0,-60.0,,60.0,,Scheduled
274402282,705009,12.0,0.0,,50.0,,Scheduled
279037922,9065559,55.0,0.0,,0.0,,Scheduled
282351561,8000049,,,,0.0,,Scheduled
279032951,9014123,7.0,0.0,,0.0,,Scheduled
282385369,9303000,,,,0.0,,Scheduled
280191295,9014055,2.0,0.0,,0.0,,Scheduled
282352069,8002553,,,,0.0,,Scheduled
280191764,9014285,,,,0.0,,Scheduled
282184243,9049079,,,,0.0,,Scheduled
282351877,9001717,,,,0.0,,Scheduled
282348331,8002549,,,,0.0,,Scheduled
282347833,8002549,,,,0.0,,Scheduled
282352130,8002553,13.0,840.0,,960.0,,Scheduled
282358337,9049079,,,,0.0,,Scheduled
257708596,9090300,39.0,0.0,,0.0,,Scheduled
282349267,8000023,,,,0.0,,Scheduled
282385055,9027253,,,,0.0,,Scheduled
256744436,9090662,2.0,204.0,,204.0,,Scheduled
282137590,9098589,37.0,180.0,,180.0,,Scheduled
282351675,9068704,,,,0.0,,Scheduled
274410316,704890,15.0,0.0,,30.0,,Scheduled
282351578,8000049,,,,0.0,,Scheduled
282385491,9057819,,,,0.0,,Scheduled
282181388,8002553,,,,0.0,,Scheduled
282187607,9093627,,,,0.0,,Scheduled
282184179,9057819,,,,0.0,,Scheduled
279041325,9014988,,,,0.0,,Scheduled
282184138,9057819,,,,0.0,,Scheduled
282183854,9057819,,,,0.0,,Scheduled
282384675,9044660,,,,0.0,,Scheduled
282385277,9044660,,,,0.0,,Scheduled
282349133,8000804,,,,0.0,,Scheduled
282357119,9071612,,,,0.0,,Scheduled
267214271,9000267,24.0,-60.0,,0.0,,Scheduled
282351591,8000049,,,,0.0,,Scheduled
282357159,9013927,,,,0.0,,Scheduled
282486835,9014439,16.0,0.0,,37.0,,Scheduled
282357122,9071612,,,,0.0,,Scheduled
274393629,705064,37.0,0.0,,30.0,,Scheduled
274390492,708679,18.0,0.0,,10.0,,Scheduled
282183937,8000238,,,,0.0,,Scheduled
257706607,9090222,20.0,0.0,,0.0,,Scheduled
282135807,9086140,19.0,60.0,,60.0,,Scheduled
282184229,9049079,,,,0.0,,Scheduled
282420585,9027253,,,,0.0,,Scheduled
282384676,9044660,,,,0.0,,Scheduled
282349119,8002549,,,,0.0,,Scheduled
261503799,9098641,,,,0.0,,Scheduled
282185439,9033817,,,,0.0,,Scheduled
272829650,3475259,,,,0.0,,Scheduled
282351750,8000019,,,,0.0,,Scheduled
282185419,9033817,,,,0.0,,Scheduled
282187739,9000647,17.0,-60.0,,0.0,,Scheduled
282351930,9046671,,,,0.0,,Scheduled
255947075,9019747,32.0,0.0,,0.0,,Scheduled
280191296,9014055,2.0,0.0,,0.0,,Scheduled
282356849,8000152,,,,0.0,,Scheduled
256658429,9047301,23.0,180.0,,60.0,,Scheduled
282181638,8000751,,,,0.0,,Scheduled
256657752,9081765,,,,0.0,,Scheduled
282181229,9066023,,,,0.0,,Scheduled
282181412,8002553,,,,0.0,,Scheduled
282188153,9006417,,,,0.0,,Scheduled
282347604,9057819,,,,0.0,,Scheduled
282181297,9039654,,,,0.0,,Scheduled
282351660,9033817,,,,0.0,,Scheduled
282351507,8000049,9.0,-60.0,,60.0,,Scheduled
282182171,8000297,,,,0.0,,Scheduled
282180948,8002549,,,,0.0,,Scheduled
282181351,8002553,,,,0.0,,Scheduled
281357215,9064692,18.0,94.0,,94.0,,Scheduled
282187724,9014316,,,,0.0,,Scheduled
279041323,9014988,,,,0.0,,Scheduled
282351527,9041699,,,,0.0,,Scheduled
282357612,9066023,,,,0.0,,Scheduled
282351945,9046671,5.0,1020.0,,1080.0,,Scheduled
255946822,9019823,31.0,0.0,,0.0,,Scheduled
279029914,9013864,24.0,0.0,,18.0,,Scheduled
282484943,9014482,28.0,0.0,,0.0,,Scheduled
282185273,8000029,,,,0.0,,Scheduled
257709167,9104266,34.0,28.0,,28.0,,Scheduled
282185162,8000090,2.0,0.0,,0.0,,Scheduled
282187492,9071612,,,,0.0,,Scheduled
282181216,9039654,,,,0.0,,Scheduled
282384672,9044660,,,,0.0,,Scheduled
282183840,9049079,,,,0.0,,Scheduled
282384683,9044660,,,,0.0,,Scheduled
276907967,705106,7.0,40.0,,0.0,,Scheduled
282392541,8002549,,,,0.0,,Scheduled
282352234,9098523,,,,0.0,,Scheduled
282181494,9046671,,,,0.0,,Scheduled
257707208,9000436,13.0,0.0,,0.0,,Scheduled
279030597,9013864,,,,0.0,,Scheduled
282351604,8005270,,,,0.0,,Scheduled
260902652,9000412,,,,0.0,,Scheduled
282181306,9043067,,,,0.0,,Scheduled
282183740,9049079,,,,0.0,,Scheduled
282130879,9086761,13.0,300.0,,300.0,,Scheduled
282351919,9046671,,,,0.0,,Scheduled
282351802,9051354,,,,0.0,,Scheduled
281357304,9007519,,,,0.0,,Scheduled
262960093,9016127,14.0,228.0,,228.0,,Scheduled
257707112,9000088,17.0,202.0,,202.0,,Scheduled
257707774,9000477,27.0,0.0,,0.0,,Scheduled
282181186,9066023,,,,0.0,,Scheduled
282357313,8002549,,,,0.0,,Scheduled
282384886,9049320,,,,0.0,,Scheduled
282349168,8000804,,,,0.0,,Scheduled
282385476,9057819,,,,0.0,,Scheduled
282183704,9104540,,,,0.0,,Scheduled
282181328,8002553,,,,0.0,,Scheduled
282385280,9044660,,,,0.0,,Scheduled
257707244,9000556,10.0,0.0,,0.0,,Scheduled
282181341,8002553,,,,0.0,,Scheduled
261501840,9078890,,,,0.0,,Scheduled
282181059,9046671,,,,0.0,,Scheduled
282357100,9071612,,,,0.0,,Scheduled
282187846,9013927,,,,0.0,,Scheduled
279033685,9014183,25.0,0.0,,0.0,,Scheduled
282185156,9033817,,,,0.0,,Scheduled
282392563,8010322,17.0,60.0,,60.0,,Scheduled
282181608,8000023,,,,0.0,,Scheduled
265515224,9089046,,,,0.0,,Scheduled
282356882,9067927,,,,0.0,,Scheduled
282385475,9057819,,,,0.0,,Scheduled
282187781,9014316,,,,0.0,,Scheduled
274395001,708453,21.0,0.0,,30.0,,Scheduled
282358314,9049079,,,,0.0,,Scheduled
282183687,9104540,,,,0.0,,Scheduled
261503491,9000412,,,,0.0,,Scheduled
261503338,9098644,15.0,0.0,,0.0,,Scheduled
282187602,9013927,,,,0.0,,Scheduled
282347613,9057819,,,,0.0,,Scheduled
282347656,9066582,,,,0.0,,Scheduled
254153488,3475297,,,,0.0,,Scheduled
282185237,8001884,,,,0.0,,Scheduled
279034282,9014277,10.0,0.0,,-30.0,,Scheduled
279033538,9013749,2.0,0.0,,0.0,,Scheduled
280188035,9019753,19.0,0.0,,0.0,,Scheduled
282463750,8000152,,,,0.0,,Scheduled
282351426,8000049,,,,0.0,,Scheduled
282130971,9043076,,,,0.0,,Scheduled
282351491,8000049,,,,0.0,,Scheduled
282351521,9041699,,,,0.0,,Scheduled
282352113,9044660,,,,0.0,,Scheduled
273196841,705593,8.0,0.0,,0.0,,Scheduled
282385168,9049320,,,,0.0,,Scheduled
282184239,9049079,,,,0.0,,Scheduled
279033385,9013877,28.0,30.0,1683570840.0,42.0,1683570840.0,Scheduled
282351710,9011118,,,,0.0,,Scheduled
282351791,8000019,,,,0.0,,Scheduled
282392455,8000058,,,,0.0,,Scheduled
282351445,8005270,,,,0.0,,Scheduled
282187356,9025726,,,,0.0,,Scheduled
274391313,708453,18.0,0.0,,30.0,,Scheduled
282183967,8000238,,,,0.0,,Scheduled
282183845,9057819,,,,0.0,,Scheduled
282486278,9014383,25.0,3.0,,3.0,,Scheduled
282185182,9033817,,,,0.0,,Scheduled
282180931,8002549,,,,0.0,,Scheduled
282184036,9057819,,,,0.0,,Scheduled
282351733,9011118,,,,0.0,,Scheduled
282356807,9090291,,,,0.0,,Scheduled
254157705,3480686,13.0,0.0,,0.0,,Scheduled
282180927,8002549,,,,0.0,,Scheduled
282181617,8000023,,,,0.0,,Scheduled
282351829,9033817,,,,0.0,,Scheduled
282351900,9023280,,,,0.0,,Scheduled
282420587,9027253,,,,0.0,,Scheduled
265066992,9000473,35.0,,,,1683586710.0,Scheduled
282348130,9058104,,,,0.0,,Scheduled
279033392,9014090,29.0,-12.0,1683567600.0,0.0,,Skipped
279029502,9013716,,,,0.0,,Scheduled
282357936,9027253,,,,0.0,,Scheduled
282348383,8002549,,,,0.0,,Scheduled
257706492,9028587,28.0,323.0,,323.0,,Scheduled
282348939,8002549,,,,0.0,,Scheduled
282351638,9068704,,,,0.0,,Scheduled
277254104,9042568,10.0,0.0,,0.0,,Scheduled
282351748,9011118,,,,0.0,,Scheduled
282187633,9026094,2.0,60.0,,0.0,,Scheduled
257709717,9000129,32.0,0.0,,0.0,,Scheduled
279032885,9014238,9.0,0.0,,0.0,,Scheduled
282347603,9057819,,,,0.0,,Scheduled
275140363,9010746,35.0,221.0,,221.0,,Scheduled
282348991,8002549,,,,0.0,,Scheduled
282357079,9014515,,,,0.0,,Scheduled
275937634,9024290,,,,0.0,,Scheduled
282349167,8000804,,,,0.0,,Scheduled
262959257,9089379,,,,0.0,,Scheduled
282187427,9099737,,,,0.0,,Scheduled
279027619,9013905,28.0,0.0,,42.0,,Scheduled
282185125,9033817,,,,0.0,,Scheduled
275936826,9025727,3.0,69.0,,0.0,,Scheduled
282183762,9057819,,,,0.0,,Scheduled
282181554,9046671,,,,0.0,,Scheduled
257708769,9000446,53.0,0.0,,0.0,,Scheduled
282392565,8002549,,,,0.0,,Scheduled
279031853,9014285,,,,0.0,,Scheduled
282188244,9012657,,,,0.0,,Scheduled
276485405,9034140,33.0,171.0,,171.0,,Scheduled
279031687,9013905,,,,0.0,,Scheduled
279027724,9014184,,,,0.0,,Scheduled
282181697,9066023,,,,0.0,,Scheduled
282183734,9049079,,,,0.0,,Scheduled
279035394,9014029,10.0,0.0,,0.0,,Scheduled
282183903,8000238,,,,0.0,,Scheduled
282384920,9076697,,,,0.0,,Scheduled
275934699,9013856,,,,0.0,,Scheduled
274401095,705009,25.0,3.0,,33.0,,Scheduled
279031579,9014184,31.0,0.0,,30.0,,Scheduled
256659982,9027270,,,,0.0,,Scheduled
257707775,9000412,33.0,184.0,,187.0,,Scheduled
282357459,9066023,,,,0.0,,Scheduled
282181700,9066023,,,,0.0,,Scheduled
282384704,9006220,,,,0.0,,Scheduled
274390491,708679,18.0,0.0,,10.0,,Scheduled
282351609,8005270,,,,0.0,,Scheduled
282349166,8000804,,,,0.0,,Scheduled
282385099,9027253,,,,0.0,,Scheduled
282357809,9049079,,,,0.0,,Scheduled
282351932,9046671,,,,0.0,,Scheduled
274399210,705088,13.0,0.0,,0.0,,Scheduled
273202887,705952,7.0,-61.0,,0.0,,Scheduled
282349182,8000804,,,,0.0,,Scheduled
282183730,9049079,,,,0.0,,Scheduled
282132328,9098589,25.0,0.0,,0.0,,Scheduled
282349259,8000023,,,,0.0,,Scheduled
256656363,9081765,4.0,60.0,,0.0,,Scheduled
282181467,9046671,,,,0.0,,Scheduled
282187631,9093627,,,,0.0,,Scheduled
282348155,9058104,,,,0.0,,Scheduled
279033387,9013877,28.0,30.0,1683569640.0,42.0,1683569640.0,Scheduled
282181523,9101825,,,,0.0,,Scheduled
282348951,8002549,,,,0.0,,Scheduled
282384693,9006220,,,,0.0,,Scheduled
280191351,9013968,4.0,-6.0,,0.0,,Scheduled
279032886,9014238,9.0,0.0,,0.0,,Scheduled
280192795,9013887,8.0,0.0,,12.0,,Scheduled
282185368,9033817,,,,0.0,,Scheduled
280191512,9013765,16.0,0.0,,24.0,,Scheduled
282183831,9049079,,,,0.0,,Scheduled
282420580,8601899,2.0,-120.0,,0.0,,Scheduled
282182613,9033817,,,,0.0,,Scheduled
280187718,9013905,,,,0.0,,Scheduled
282182614,8004720,10.0,-60.0,,0.0,,Scheduled
282182243,8000048,17.0,300.0,,240.0,,Scheduled
274761564,708312,1.0,-82.0,,0.0,,Scheduled
258440213,9026301,3.0,60.0,,60.0,,Scheduled
282351618,8010256,,,,0.0,,Scheduled
282347612,9057819,,,,0.0,,Scheduled
282351606,8005270,,,,0.0,,Scheduled
276928620,9013925,,,,0.0,,Scheduled
282351486,8000049,,,,0.0,,Scheduled
282183900,8000238,,,,0.0,,Scheduled
282181236,9066023,,,,0.0,,Scheduled
282351914,9046671,,,,0.0,,Scheduled
279028150,9014285,,,,0.0,,Scheduled
282183689,9104540,,,,0.0,,Scheduled
282385002,9089597,,,,0.0,,Scheduled
282351758,8000019,,,,0.0,,Scheduled
282348949,8002549,,,,0.0,,Scheduled
282385389,8010268,,,,0.0,,Scheduled
282358290,8002549,,,,0.0,,Scheduled
282351425,8000049,,,,0.0,,Scheduled
266571202,9092371,40.0,206.0,,206.0,,Scheduled
282352150,9098523,,,,0.0,,Scheduled
255946845,9019688,7.0,0.0,,0.0,,Scheduled
282181230,9066023,,,,0.0,,Scheduled
255946982,9019653,31.0,0.0,,0.0,,Scheduled
279027103,9013823,26.0,0.0,,0.0,,Scheduled
282185047,8000193,,,,0.0,,Scheduled
257706705,9090222,22.0,0.0,,0.0,,Scheduled
282187727,9014316,,,,0.0,,Scheduled
280190710,9014052,28.0,0.0,,0.0,,Scheduled
279034281,9014277,10.0,0.0,,-30.0,,Scheduled
282486024,9014492,13.0,30.0,,30.0,,Scheduled
282347931,8002549,,,,0.0,,Scheduled
282183852,9057819,,,,0.0,,Scheduled
282352169,9098523,,,,0.0,,Scheduled
261013750,9029388,,,,0.0,,Scheduled
282181187,9066023,,,,0.0,,Scheduled
282183760,9057819,,,,0.0,,Scheduled
282384884,9049320,,,,0.0,,Scheduled
257707594,9096054,28.0,374.0,,374.0,,Scheduled
282351413,8000049,,,,0.0,,Scheduled
279032613,9013778,24.0,0.0,,24.0,,Scheduled
282348134,9058104,,,,0.0,,Scheduled
282392420,8002554,11.0,60.0,,120.0,,Scheduled
276928816,9101757,,,,0.0,,Scheduled
276139884,9072063,,,,0.0,,Scheduled
282181456,8000092,,,,0.0,,Scheduled
282385286,9044660,,,,0.0,,Scheduled
282351417,8000049,,,,0.0,,Scheduled
265515399,9099591,,,,0.0,,Scheduled
277254821,9054220,2.0,120.0,,120.0,,Scheduled
280194210,9013914,3.0,0.0,,0.0,,Scheduled
282182654,9033817,,,,0.0,,Scheduled
282185127,9033817,,,,0.0,,Scheduled
282184235,9049079,,,,0.0,,Scheduled
282384872,9049320,,,,0.0,,Scheduled
282351610,8005270,,,,0.0,,Scheduled
274389113,705064,38.0,0.0,,30.0,,Scheduled
282184045,9049079,,,,0.0,,Scheduled
282351411,8000049,,,,0.0,,Scheduled
254158518,3480123,,,,0.0,,Scheduled
282351424,8000049,,,,0.0,,Scheduled
282357309,8002549,,,,0.0,,Scheduled
274401414,708557,26.0,0.0,,10.0,,Scheduled
274393631,705064,37.0,0.0,,30.0,,Scheduled
282183829,9049079,,,,0.0,,Scheduled
282351465,8005413,,,,0.0,,Scheduled
282485539,9014386,45.0,0.0,,0.0,,Scheduled
279033688,9014183,25.0,0.0,,0.0,,Scheduled
282188007,9013927,,,,0.0,,Scheduled
282349122,8002549,,,,0.0,,Scheduled
282384990,9089597,,,,0.0,,Scheduled
282351926,9046671,,,,0.0,,Scheduled
282181200,9066023,,,,0.0,,Scheduled
254158737,3470000,,,,0.0,,Scheduled
282351813,9033817,,,,0.0,,Scheduled
282181525,9101825,,,,0.0,,Scheduled
282181220,9039654,,,,0.0,,Scheduled
282351692,8010256,,,,0.0,,Scheduled
257705981,9000412,12.0,169.0,,184.0,,Scheduled
282392438,8002549,18.0,420.0,,360.0,,Scheduled
282352141,9098523,,,,0.0,,Scheduled
279030077,9014183,15.0,0.0,,0.0,,Scheduled
282187355,9025726,,,,0.0,,Scheduled
282181077,9046671,,,,0.0,,Scheduled
257709665,9000129,6.0,0.0,,0.0,,Scheduled
254158267,3480044,10.0,0.0,,0.0,,Scheduled
282185170,9033817,,,,0.0,,Scheduled
273200411,708444,,,,0.0,,Scheduled
282183813,9049079,,,,0.0,,Scheduled
282358029,9049079,,,,0.0,,Scheduled
282131628,9006991,17.0,0.0,,0.0,,Scheduled
282356941,8000152,,,,0.0,,Scheduled
273198334,706009,7.0,-63.0,,0.0,,Scheduled
282384940,9076697,,,,0.0,,Scheduled
282385061,9027253,,,,0.0,,Scheduled
282351929,9046671,,,,0.0,,Scheduled
282180918,8002549,,,,0.0,,Scheduled
282351456,8005413,,,,0.0,,Scheduled
282385045,9027253,,,,0.0,,Scheduled
282348944,8002549,,,,0.0,,Scheduled
282392407,8000058,,,,0.0,,Scheduled
282385041,9027253,,,,0.0,,Scheduled
257707852,9089751,14.0,100.0,,100.0,,Scheduled
279027928,9013905,,,,0.0,,Scheduled
282348158,9058104,,,,0.0,,Scheduled
280192875,9013925,14.0,0.0,,30.0,,Scheduled
274761476,705271,7.0,-78.0,,85.0,,Scheduled
282385010,9089597,,,,0.0,,Scheduled
282351642,9033817,,,,0.0,,Scheduled
282348371,8002549,,,,0.0,,Scheduled
257706138,9000392,15.0,0.0,,0.0,,Scheduled
282185091,8006524,7.0,0.0,1683573300.0,0.0,1683573300.0,Scheduled
279038752,9013685,3.0,0.0,,0.0,,Scheduled
282351881,9001717,,,,0.0,,Scheduled
282385361,9303000,,,,0.0,,Scheduled
279033594,9014278,38.0,0.0,,24.0,,Scheduled
282182579,9051354,,,,0.0,,Scheduled
282351762,8000019,,,,0.0,,Scheduled
282392443,8010304,,,,0.0,,Scheduled
282187681,9014324,5.0,120.0,,120.0,,Scheduled
282384882,9049320,,,,0.0,,Scheduled
282385359,8010241,,,,0.0,,Scheduled
282181322,8002553,,,,0.0,,Scheduled
282485667,9014470,48.0,30.0,,30.0,,Scheduled
280194211,9013914,3.0,0.0,,0.0,,Scheduled
279010792,3480399,33.0,240.0,,240.0,,Scheduled
282484717,9014434,33.0,,,239.0,,Scheduled
282187965,9014515,,,,0.0,,Scheduled
282184016,9057819,,,,0.0,,Scheduled
282184241,9049079,,,,0.0,,Scheduled
282385383,8010268,,,,0.0,,Scheduled
282347657,9066582,,,,0.0,,Scheduled
282385141,9049320,,,,0.0,,Scheduled
266835961,9026341,2.0,-79.0,,0.0,,Scheduled
282183827,9057819,11.0,0.0,,60.0,,Scheduled
282185095,8000090,8.0,-60.0,,0.0,,Scheduled
282351854,9001717,,,,0.0,,Scheduled
274393621,705012,19.0,0.0,,30.0,,Scheduled
257708925,9095185,54.0,0.0,,0.0,,Scheduled
282188258,9067997,,,,0.0,,Scheduled
279030079,9014183,15.0,0.0,,0.0,,Scheduled
282351871,9001719,,,,0.0,,Scheduled
274409319,704890,14.0,0.0,,30.0,,Scheduled
282181529,9101825,,,,0.0,,Scheduled
282185213,8001884,,,,0.0,,Scheduled
279036349,9014981,2.0,0.0,,0.0,,Scheduled
282384708,9006220,,,,0.0,,Scheduled
279029498,9013716,,,,0.0,,Scheduled
282347963,8002549,,,,0.0,,Scheduled
282182120,8000036,,,,0.0,,Scheduled
254157900,3480051,19.0,0.0,,0.0,,Scheduled
282384892,9049320,,,,0.0,,Scheduled
274393630,705064,37.0,0.0,,30.0,,Scheduled
282357366,8002549,,,,0.0,,Scheduled
282185168,9033817,,,,0.0,,Scheduled
282385152,9049320,,,,0.0,,Scheduled
282357303,8002549,,,,0.0,,Scheduled
282131975,9014973,37.0,240.0,,240.0,,Scheduled
282384694,9044660,10.0,-60.0,,0.0,,Scheduled
279030596,9013864,,,,0.0,,Scheduled
282351433,8000049,,,,0.0,,Scheduled
262960355,9067591,,,,0.0,,Scheduled
282347627,9057819,,,,0.0,,Scheduled
282185103,8000193,,,,0.0,,Scheduled
282351495,8000049,,,,0.0,,Scheduled
257708547,9000435,20.0,200.0,,200.0,,Scheduled
282385035,9089597,3.0,60.0,,0.0,,Scheduled
282351430,8000049,,,,0.0,,Scheduled
282185257,8001884,,,,0.0,,Scheduled
282485419,9014385,18.0,30.0,,30.0,,Scheduled
282185269,8000029,,,,0.0,,Scheduled
282351630,8010256,,,,0.0,,Scheduled
282182553,9043630,2.0,60.0,,0.0,,Scheduled
282485657,9014423,,,,0.0,,Scheduled
282183773,9057819,,,,0.0,,Scheduled
282357163,9013927,,,,0.0,,Scheduled
282349116,8002549,,,,0.0,,Scheduled
282187302,9071612,,,,0.0,,Scheduled
282348934,8002549,,,,0.0,,Scheduled
279028622,9013716,38.0,0.0,,24.0,,Scheduled
282181440,8000092,,,,0.0,,Scheduled
282181471,9046671,,,,0.0,,Scheduled
282392410,8000058,,,,0.0,,Scheduled
280190758,9014165,29.0,-6.0,,0.0,,Scheduled
282485071,9014423,,,,0.0,,Scheduled
282356912,9067921,,,,0.0,,Scheduled
257708534,9000355,44.0,420.0,,420.0,,Scheduled
261503488,9098613,,,,0.0,,Scheduled
282348511,9057819,,,,0.0,,Scheduled
282358342,9049079,,,,0.0,,Scheduled
282183857,9057819,,,,0.0,,Scheduled
282185205,8001884,,,,0.0,,Scheduled
282182097,8004744,9.0,-60.0,,0.0,,Scheduled
282185176,9033817,,,,0.0,,Scheduled
282347923,8002549,,,,0.0,,Scheduled
282384912,9076697,,,,0.0,,Scheduled
282185221,8000090,3.0,-60.0,,0.0,,Scheduled
282356842,8000152,,,,0.0,,Scheduled
282351416,8000049,,,,0.0,,Scheduled
282464349,8002589,,,,0.0,,Scheduled
279027331,9013765,43.0,0.0,,18.0,,Scheduled
282181238,9066023,,,,0.0,,Scheduled
282182334,8000036,,,,0.0,,Scheduled
262959286,9013925,,,,0.0,,Scheduled
282183700,9104540,,,,0.0,,Scheduled
282187816,9091901,,,,0.0,,Scheduled
282385057,9027253,,,,0.0,,Scheduled
279034178,9014250,4.0,0.0,,0.0,,Scheduled
282134900,9049076,,,,0.0,,Scheduled
279031857,9014184,10.0,0.0,,18.0,,Scheduled
282181454,8000092,,,,0.0,,Scheduled
282351563,8000049,,,,0.0,,Scheduled
265720242,9049068,10.0,60.0,,60.0,,Scheduled
280192807,9013887,22.0,0.0,,12.0,,Scheduled
282351617,8010256,,,,0.0,,Scheduled
275938477,9014273,2.0,149.0,,149.0,,Scheduled
280190677,9014195,23.0,0.0,,0.0,,Scheduled
282357807,9049079,,,,0.0,,Scheduled
282351559,8000049,,,,0.0,,Scheduled
282181434,8002553,,,,0.0,,Scheduled
282184181,9057819,,,,0.0,,Scheduled
280191297,9014055,2.0,0.0,,0.0,,Scheduled
281357250,9049588,11.0,297.0,,297.0,,Scheduled
282347663,9066582,,,,0.0,,Scheduled
282182157,8000297,,,,0.0,,Scheduled
282358284,8002549,,,,0.0,,Scheduled
257706520,9073430,26.0,0.0,,0.0,,Scheduled
282485665,9014482,38.0,0.0,,0.0,,Scheduled
282385477,9057819,,,,0.0,,Scheduled
280186063,9014022,,,,0.0,,Scheduled
280191384,9013765,,,,0.0,,Scheduled
282392567,8002549,,,,0.0,,Scheduled
282486025,9081398,32.0,130.0,,159.0,,Scheduled
282357118,9013927,9.0,180.0,,120.0,,Scheduled
282351931,9046671,,,,0.0,,Scheduled
282183965,8000238,,,,0.0,,Scheduled
282183783,9057819,,,,0.0,,Scheduled
282185089,8000193,,,,0.0,,Scheduled
282182216,9071612,,,,0.0,,Scheduled
282357615,8002549,,,,0.0,,Scheduled
279030367,9014243,24.0,0.0,,30.0,,Scheduled
256744415,9013925,,,,0.0,,Scheduled
273205753,705952,,,,0.0,,Scheduled
279031742,9013765,,,,0.0,,Scheduled
282181516,8005887,4.0,0.0,,0.0,,Scheduled
282181079,8002549,10.0,1920.0,,1980.0,,Scheduled
282385312,8010268,,,,0.0,,Scheduled
282384888,9049320,,,,0.0,,Scheduled
282352165,9098523,,,,0.0,,Scheduled
282347660,9066582,,,,0.0,,Scheduled
282357311,8002549,,,,0.0,,Scheduled
278997353,9081765,,,,0.0,,Scheduled
282187253,9071612,,,,0.0,,Scheduled
282347670,9066582,,,,0.0,,Scheduled
282351420,8005275,3.0,60.0,,0.0,,Scheduled
282183745,9049079,,,,0.0,,Scheduled
282185093,8006524,7.0,0.0,1683569700.0,0.0,1683569700.0,Scheduled
275934629,9013985,2.0,73.0,,73.0,,Scheduled
274761565,705162,14.0,-80.0,,0.0,,Scheduled
282384673,9044660,,,,0.0,,Scheduled
282351505,9041699,,,,0.0,,Scheduled
282181193,9066023,,,,0.0,,Scheduled
257708090,9000150,6.0,0.0,,0.0,,Scheduled
282182373,9071812,17.0,60.0,,0.0,,Scheduled
280185399,9014267,,,,0.0,,Scheduled
282351511,9041699,,,,0.0,,Scheduled
274390404,708369,18.0,30.0,,50.0,,Scheduled
282352015,9044660,,,,0.0,,Scheduled
266592318,9086534,15.0,60.0,,60.0,,Scheduled
282351887,9033817,,,,0.0,,Scheduled
282347935,8002549,,,,0.0,,Scheduled
276907158,704865,11.0,0.0,,0.0,,Scheduled
282351922,9046671,,,,0.0,,Scheduled
274391249,708369,18.0,0.0,,20.0,,Scheduled
282463704,8000169,,,,0.0,,Scheduled
282181605,8000023,,,,0.0,,Scheduled
282385395,9058008,26.0,240.0,,300.0,,Scheduled
282357308,8002549,,,,0.0,,Scheduled
282484941,9014395,12.0,-26.0,,0.0,,Scheduled
282347665,9066582,,,,0.0,,Scheduled
282357550,8002549,,,,0.0,,Scheduled
282187959,9014515,,,,0.0,,Scheduled
282384866,9049320,,,,0.0,,Scheduled
282392562,8002549,,,,0.0,,Scheduled
257706804,9070435,17.0,142.0,,142.0,,Scheduled
282357891,9027253,,,,0.0,,Scheduled
282385063,9027253,,,,0.0,,Scheduled
261503700,9000412,,,,0.0,,Scheduled
282187340,9082392,2.0,-60.0,,0.0,,Scheduled
282349074,8002549,,,,0.0,,Scheduled
282351493,8000049,,,,0.0,,Scheduled
282384928,9076697,,,,0.0,,Scheduled
282330468,9018450,,,,0.0,,Scheduled
282349271,8000023,,,,0.0,,Scheduled
282181465,8000092,,,,0.0,,Scheduled
282352011,9044660,,,,0.0,,Scheduled
282187160,9019646,,,,0.0,,Scheduled
282356902,9067927,,,,0.0,,Scheduled
279033536,9013749,2.0,0.0,,0.0,,Scheduled
279035392,9014029,10.0,0.0,,0.0,,Scheduled
282348530,9057819,,,,0.0,,Scheduled
282351454,8005270,,,,0.0,,Scheduled
274320581,9011804,15.0,0.0,,0.0,,Scheduled
274323322,9072967,21.0,180.0,,180.0,,Scheduled
282183726,9049079,,,,0.0,,Scheduled
279037744,9013797,18.0,0.0,,0.0,,Scheduled
282184207,9057819,,,,0.0,,Scheduled
282357132,9014515,,,,0.0,,Scheduled
282351920,9100055,1.0,0.0,,0.0,,Scheduled
282183703,9104540,,,,0.0,,Scheduled
282358288,8002549,,,,0.0,,Scheduled
282351487,8000049,,,,0.0,,Scheduled
279033686,9014183,25.0,0.0,,0.0,,Scheduled
257706739,9090222,13.0,0.0,,0.0,,Scheduled
282385165,9049320,,,,0.0,,Scheduled
282187566,9093627,,,,0.0,,Scheduled
282349185,8000446,,,,0.0,,Scheduled
280188439,9014155,29.0,0.0,,-30.0,,Scheduled
282357106,9071612,,,,0.0,,Scheduled
279036711,9014155,,,,0.0,,Scheduled
282347900,8002549,,,,0.0,,Scheduled
276139899,9101750,10.0,86.0,,86.0,,Scheduled
282356999,8000152,,,,0.0,,Scheduled
282348064,9058104,,,,0.0,,Scheduled
281357312,9007519,,,,0.0,,Scheduled
282348523,9057819,,,,0.0,,Scheduled
282358304,9049079,,,,0.0,,Scheduled
274409429,704977,9.0,0.0,,30.0,,Scheduled
261501781,9000234,15.0,357.0,,357.0,,Scheduled
282392496,8002549,,,,0.0,,Scheduled
254154380,3475408,,,,0.0,,Scheduled
282385151,9049320,,,,0.0,,Scheduled
282184134,9057819,,,,0.0,,Scheduled
257708031,9090160,9.0,222.0,,222.0,,Scheduled
282385442,8010066,,,,0.0,,Scheduled
282349179,8000804,,,,0.0,,Scheduled
275934623,9013962,,,,0.0,,Scheduled
282181233,9066023,,,,0.0,,Scheduled
282351513,9041699,,,,0.0,,Scheduled
282182584,9043630,,,,0.0,,Scheduled
282358315,8002548,6.0,120.0,,120.0,,Scheduled
257705293,9000042,40.0,0.0,,0.0,,Scheduled
282384702,9006220,,,,0.0,,Scheduled
282351592,8000049,,,,0.0,,Scheduled
264505104,9088613,13.0,12.0,,12.0,,Scheduled
275934556,9014221,1.0,288.0,,288.0,,Scheduled
282464600,8000152,,,,0.0,,Scheduled
282183738,9049079,,,,0.0,,Scheduled
282185056,8000193,,,,0.0,,Scheduled
282356957,8000152,,,,0.0,,Scheduled
257708539,9000266,39.0,0.0,,0.0,,Scheduled
278998226,9016770,24.0,120.0,,120.0,,Scheduled
282351459,8005413,,,,0.0,,Scheduled
257707399,9000377,12.0,277.0,,277.0,,Scheduled
282181063,9046671,,,,0.0,,Scheduled
261503800,9098641,,,,0.0,,Scheduled
279036464,9088646,12.0,0.0,,0.0,,Scheduled
282392428,8010304,,,,0.0,,Scheduled
282357423,8002549,,,,0.0,,Scheduled
273199944,708304,,,,0.0,,Scheduled
282181219,9039654,,,,0.0,,Scheduled
282181345,8002553,,,,0.0,,Scheduled
282349177,8000804,,,,0.0,,Scheduled
282351553,8000049,,,,0.0,,Scheduled
282181602,8000023,,,,0.0,,Scheduled
273198373,705154,,,,0.0,,Scheduled
282183781,9057819,,,,0.0,,Scheduled
282133246,9083624,22.0,120.0,,120.0,,Scheduled
282357074,9014515,,,,0.0,,Scheduled
282351482,8000049,,,,0.0,,Scheduled
264504981,9000412,,,,0.0,,Scheduled
282385304,8013156,,,,0.0,,Scheduled
279033836,9013843,34.0,0.0,,0.0,,Scheduled
279031500,9013905,31.0,0.0,,42.0,,Scheduled
282347919,8002549,,,,0.0,,Scheduled
282385313,8010268,,,,0.0,,Scheduled
279028406,9013905,,,,0.0,,Scheduled
282351752,8000019,,,,0.0,,Scheduled
279031743,9013765,,,,0.0,,Scheduled
282385169,9049320,,,,0.0,,Scheduled
282183701,9104540,,,,0.0,,Scheduled
282385311,8010066,15.0,60.0,,0.0,,Scheduled
282184226,9049079,,,,0.0,,Scheduled
282181292,9017279,,,,0.0,,Scheduled
282347662,9066582,,,,0.0,,Scheduled
282347672,9066582,,,,0.0,,Scheduled
282349273,8000023,,,,0.0,,Scheduled
257708907,9000306,14.0,0.0,,0.0,,Scheduled
282183716,9049079,,,,0.0,,Scheduled
282351438,8005270,,,,0.0,,Scheduled
282181260,9017279,,,,0.0,,Scheduled
282132638,9011801,19.0,240.0,,240.0,,Scheduled
265716981,9034115,14.0,180.0,,180.0,,Scheduled
255948280,9015209,,,,0.0,,Scheduled
274395095,704990,20.0,0.0,,0.0,,Scheduled
257707512,9000436,18.0,0.0,,0.0,,Scheduled
282347668,9066582,,,,0.0,,Scheduled
282385352,8010153,,,,0.0,,Scheduled
282181682,9066023,,,,0.0,,Scheduled
266932855,9013704,1.0,300.0,,300.0,,Scheduled
279033026,9014022,,,,0.0,,Scheduled
282420276,8600623,,,,0.0,,Scheduled
282351656,9033817,,,,0.0,,Scheduled
282347649,9066582,,,,0.0,,Scheduled
276928755,9013925,,,,0.0,,Scheduled
282183695,9104540,,,,0.0,,Scheduled
256794520,9086479,22.0,120.0,,120.0,,Scheduled
282351447,8005270,,,,0.0,,Scheduled
279028986,9013716,48.0,0.0,,-30.0,,Scheduled
282063704,9080407,15.0,4.0,,4.0,,Scheduled
282392440,8010304,,,,0.0,,Scheduled
282357800,9049079,,,,0.0,,Scheduled
282352229,9044660,,,,0.0,,Scheduled
282357378,8002549,,,,0.0,,Scheduled
282181527,9101825,,,,0.0,,Scheduled
257709527,9000301,29.0,212.0,,212.0,,Scheduled
282181614,8000023,,,,0.0,,Scheduled
255948240,9089379,,,,0.0,,Scheduled
282351567,8000049,,,,0.0,,Scheduled
282385053,9027253,,,,0.0,,Scheduled
282351898,9023280,,,,0.0,,Scheduled
282185172,9033817,,,,0.0,,Scheduled
265523271,9011247,,,,0.0,,Scheduled
257708905,9000382,33.0,765.0,,765.0,,Scheduled
276928815,9101757,,,,0.0,,Scheduled
282352238,9098523,,,,0.0,,Scheduled
282185109,8000193,,,,0.0,,Scheduled
282351972,8002553,,,,0.0,,Scheduled
256659926,9069049,18.0,60.0,,60.0,,Scheduled
279028985,9013716,48.0,0.0,,-30.0,,Scheduled
257707543,9000436,18.0,0.0,,0.0,,Scheduled
254151734,3475102,13.0,120.0,,120.0,,Scheduled
282137428,9081356,15.0,240.0,,240.0,,Scheduled
282347632,9057819,,,,0.0,,Scheduled
280990838,705061,15.0,0.0,,20.0,,Scheduled
282351478,8000049,,,,0.0,,Scheduled
257707777,9000477,27.0,0.0,,0.0,,Scheduled
282181071,9046671,,,,0.0,,Scheduled
282181267,9039654,,,,0.0,,Scheduled
282384856,9044660,,,,0.0,,Scheduled
279031786,9013823,22.0,0.0,,0.0,,Scheduled
280193618,9013936,,,,0.0,,Scheduled
257706145,9000392,15.0,0.0,,0.0,,Scheduled
282184133,8000238,7.0,360.0,,0.0,,Scheduled
257708032,9000074,14.0,0.0,,0.0,,Scheduled
282357306,8002549,,,,0.0,,Scheduled
282349176,8000804,,,,0.0,,Scheduled
280191385,9013765,,,,0.0,,Scheduled
282347667,9066582,,,,0.0,,Scheduled
282357120,9071612,,,,0.0,,Scheduled
279033687,9014183,25.0,0.0,,0.0,,Scheduled
282385138,9049320,,,,0.0,,Scheduled
282185431,9033817,,,,0.0,,Scheduled
280190835,9013980,15.0,0.0,,0.0,,Scheduled
257706344,9000329,14.0,0.0,,0.0,,Scheduled
254158105,3480022,13.0,-122.0,,0.0,,Scheduled
282486834,9014372,,,,0.0,,Scheduled
257709240,9000881,15.0,-29.0,,0.0,,Scheduled
282181410,8002553,,,,0.0,,Scheduled
270586576,3484175,,,,0.0,,Scheduled
282351519,9041699,,,,0.0,,Scheduled
279027104,9013823,26.0,0.0,,0.0,,Scheduled
257706609,9090216,14.0,0.0,,0.0,,Scheduled
274388743,708367,38.0,0.0,,30.0,,Scheduled
281357209,9000412,,,,0.0,,Scheduled
255947520,9019823,23.0,0.0,,0.0,,Scheduled
255947042,9014155,35.0,-72.0,,7.0,,Scheduled
282385486,9057819,,,,0.0,,Scheduled
282420575,8600623,,,,0.0,,Scheduled
282356981,8000152,,,,0.0,,Scheduled
273205737,706326,,,,0.0,,Scheduled
282384994,9089597,,,,0.0,,Scheduled
257707901,9080475,26.0,377.0,,377.0,,Scheduled
279028296,9013963,27.0,-12.0,,0.0,,Scheduled
282188069,9006417,,,,0.0,,Scheduled
282485536,9014358,,,,0.0,,Scheduled
282392530,8002549,,,,0.0,,Scheduled
282348338,8002549,,,,0.0,,Scheduled
282420582,9027253,,,,0.0,,Scheduled
279037741,9013797,18.0,0.0,,0.0,,Scheduled
282351868,9001719,,,,0.0,,Scheduled
279027723,9014184,,,,0.0,,Scheduled
280190866,9013980,20.0,0.0,,0.0,,Scheduled
282352072,9098523,14.0,180.0,,120.0,,Scheduled
275934697,9013856,,,,0.0,,Scheduled
280186339,9014287,,,,0.0,,Scheduled
282357885,9027253,,,,0.0,,Scheduled
274396145,705019,,,,0.0,,Scheduled
282183838,9049079,,,,0.0,,Scheduled
282330427,9014418,,,,0.0,,Scheduled
282351428,8000049,,,,0.0,,Scheduled
281008040,705025,13.0,0.0,,30.0,,Scheduled
257705142,9000009,35.0,109.0,,109.0,,Scheduled
282392529,8002549,,,,0.0,,Scheduled
265515201,9089046,,,,0.0,,Scheduled
257709513,9099164,45.0,0.0,,0.0,,Scheduled
279033328,9014183,15.0,0.0,,0.0,,Scheduled
265515194,9089046,,,,0.0,,Scheduled
282357147,9014515,,,,0.0,,Scheduled
256794208,9046673,1.0,180.0,,180.0,,Scheduled
282352013,9044660,,,,0.0,,Scheduled
282351927,9046671,,,,0.0,,Scheduled
279029495,9013716,,,,0.0,,Scheduled
257708795,9000458,39.0,110.0,,110.0,,Scheduled
282183744,9049079,,,,0.0,,Scheduled
282348172,9058104,,,,0.0,,Scheduled
282356979,8000152,,,,0.0,,Scheduled
282352189,9098523,,,,0.0,,Scheduled
282349226,8000023,,,,0.0,,Scheduled
273197599,705181,5.0,-45.0,,0.0,,Scheduled
282384685,9044660,,,,0.0,,Scheduled
279036351,9014981,2.0,0.0,,0.0,,Scheduled
282485545,9014423,46.0,199.0,,218.0,,Scheduled
282385155,9049320,,,,0.0,,Scheduled
282183771,9075570,9.0,0.0,,0.0,,Scheduled
282392544,8002549,,,,0.0,,Scheduled
282385499,9057819,,,,0.0,,Scheduled
282181717,9046671,,,,0.0,,Scheduled
282351895,9023280,,,,0.0,,Scheduled
280192154,9014105,13.0,-12.0,,0.0,,Scheduled
282185178,9033817,,,,0.0,,Scheduled
282181634,8000023,,,,0.0,,Scheduled
282348937,8002549,,,,0.0,,Scheduled
274399031,705094,15.0,0.0,,30.0,,Scheduled
282351903,9023280,,,,0.0,,Scheduled
282384922,9076697,,,,0.0,,Scheduled
282135479,9063426,3.0,0.0,,0.0,,Scheduled
282385000,9089597,,,,0.0,,Scheduled
282351471,8005413,,,,0.0,,Scheduled
282420280,8600087,,,,0.0,,Scheduled
282184247,9049079,,,,0.0,,Scheduled
282358227,8002549,11.0,660.0,,720.0,,Scheduled
258443630,9001453,17.0,-301.0,,-237.0,,Scheduled
282347904,8002549,,,,0.0,,Scheduled
275939075,9025727,32.0,149.0,,0.0,,Scheduled
279030078,9014183,15.0,0.0,,0.0,,Scheduled
279033839,9013843,34.0,0.0,,0.0,,Scheduled
279033176,9014134,31.0,0.0,,24.0,,Scheduled
282385391,9057819,27.0,0.0,,60.0,,Scheduled
282347947,8002549,,,,0.0,,Scheduled
279028405,9013905,,,,0.0,,Scheduled
282349089,8002549,,,,0.0,,Scheduled
274397758,708403,11.0,0.0,,0.0,,Scheduled
282183728,9049079,,,,0.0,,Scheduled
282185399,9033817,,,,0.0,,Scheduled
279037920,9065559,55.0,0.0,,0.0,,Scheduled
282351995,9066926,,,,0.0,,Scheduled
282349097,8002549,,,,0.0,,Scheduled
257709434,9001010,19.0,185.0,,0.0,,Scheduled
282348527,9057819,,,,0.0,,Scheduled
282357881,9027253,,,,0.0,,Scheduled
282181676,9066023,,,,0.0,,Scheduled
274399111,705094,20.0,0.0,,30.0,,Scheduled
273198407,705154,,,,0.0,,Scheduled
282349178,8000804,,,,0.0,,Scheduled
282183864,9057819,,,,0.0,,Scheduled
282351803,9033817,,,,0.0,,Scheduled
282351897,9023280,,,,0.0,,Scheduled
282184000,9057819,,,,0.0,,Scheduled
282351851,9051354,,,,0.0,,Scheduled
282351531,9041699,,,,0.0,,Scheduled
282351470,8005413,,,,0.0,,Scheduled
279038995,9082650,43.0,-6.0,,0.0,,Scheduled
282183995,8000238,,,,0.0,,Scheduled
262960424,9089046,,,,0.0,,Scheduled
282180954,8002549,,,,0.0,,Scheduled
279370457,9087834,7.0,60.0,,60.0,,Scheduled
279031520,9014184,,,,0.0,,Scheduled
266571208,9000412,,,,0.0,,Scheduled
282357094,9071612,,,,0.0,,Scheduled
282330405,9014418,,,,0.0,,Scheduled
282181075,9046671,,,,0.0,,Scheduled
282392472,8000058,,,,0.0,,Scheduled
282358247,8002549,,,,0.0,,Scheduled
282358293,8002549,,,,0.0,,Scheduled
282351878,9001717,,,,0.0,,Scheduled
276928818,9101757,,,,43.0,,Scheduled
278998648,9090756,18.0,0.0,,0.0,,Scheduled
282183832,9049079,,,,0.0,,Scheduled
282351703,9068704,,,,0.0,,Scheduled
282351841,9051354,,,,0.0,,Scheduled
282133962,9098568,22.0,-180.0,,0.0,,Scheduled
282183718,9049079,,,,0.0,,Scheduled
282181542,9101825,,,,0.0,,Scheduled
282392439,8010304,,,,0.0,,Scheduled
282185443,9033817,,,,0.0,,Scheduled
279037954,9065560,57.0,92.0,1683565620.0,98.0,1683565620.0,Scheduled
280194141,9013914,9.0,0.0,,0.0,,Scheduled
257709714,9000129,32.0,0.0,,0.0,,Scheduled
282357376,8002549,,,,0.0,,Scheduled
282351883,9001717,,,,0.0,,Scheduled
282356897,8000268,20.0,-60.0,,60.0,,Scheduled
282185048,8000193,,,,0.0,,Scheduled
279033837,9013843,34.0,0.0,,0.0,,Scheduled
262959267,9013925,,,,0.0,,Scheduled
282384699,9006220,,,,0.0,,Scheduled
274405783,708301,7.0,0.0,,0.0,,Scheduled
276907837,708452,6.0,0.0,,0.0,,Scheduled
282180933,8002549,,,,0.0,,Scheduled
282181520,9101825,,,,0.0,,Scheduled
282357801,9049079,,,,0.0,,Scheduled
282187338,9099737,,,,0.0,,Scheduled
282352039,8002553,,,,0.0,,Scheduled
282357114,9071612,,,,0.0,,Scheduled
279370575,9073336,31.0,60.0,,60.0,,Scheduled
282348947,8002549,,,,0.0,,Scheduled
282133824,9043092,16.0,-17.0,,0.0,,Scheduled
282181299,9043067,,,,0.0,,Scheduled
282351557,8000049,,,,0.0,,Scheduled
282181083,9046671,,,,0.0,,Scheduled
282351605,8005270,,,,0.0,,Scheduled
282181349,8002553,,,,0.0,,Scheduled
282183837,9049079,,,,0.0,,Scheduled
257706286,9000329,14.0,0.0,,0.0,,Scheduled
282392419,9340000,,,,0.0,,Scheduled
279038579,9013685,3.0,0.0,,0.0,,Scheduled
282181508,9101825,,,,0.0,,Scheduled
261503699,9000412,,,,0.0,,Scheduled
280194346,9014262,3.0,0.0,,0.0,,Scheduled
274397925,705088,10.0,0.0,,0.0,,Scheduled
279027929,9013905,,,,0.0,,Scheduled
282348149,9058104,,,,0.0,,Scheduled
276139853,9101741,,,,0.0,,Scheduled
282347621,9057819,,,,0.0,,Scheduled
282485663,9014501,47.0,0.0,,0.0,,Scheduled
280647575,705147,,,,0.0,,Scheduled
282385162,9049320,,,,0.0,,Scheduled
257709661,9000129,6.0,0.0,,0.0,,Scheduled
282385479,9057819,,,,0.0,,Scheduled
282184214,9049079,,,,0.0,,Scheduled
279033129,9014022,17.0,0.0,,-30.0,,Scheduled
282358279,8002549,,,,0.0,,Scheduled
282351422,8000049,,,,0.0,,Scheduled
282357702,9066023,,,,0.0,,Scheduled
274420383,708433,4.0,0.0,,0.0,,Scheduled
265719537,9002353,9.0,60.0,,60.0,,Scheduled
282347927,8002549,,,,0.0,,Scheduled
282352095,8002553,,,,0.0,,Scheduled
282351589,8000049,,,,0.0,,Scheduled
258440058,9026307,11.0,0.0,,0.0,,Scheduled
282384930,9076697,,,,0.0,,Scheduled
257708917,9095185,54.0,0.0,,0.0,,Scheduled
282347669,9066582,,,,0.0,,Scheduled
282183754,9057819,,,,0.0,,Scheduled
257707009,9000129,13.0,0.0,,0.0,,Scheduled
282384686,9044660,,,,0.0,,Scheduled
282420547,8600623,,,,0.0,,Scheduled
282352132,9098523,,,,0.0,,Scheduled
282385446,8010066,,,,0.0,,Scheduled
282348350,8002549,,,,0.0,,Scheduled
279027930,9013905,,,,0.0,,Scheduled
282183698,9104540,,,,0.0,,Scheduled
282185099,8000193,,,,0.0,,Scheduled
279033746,9014007,38.0,-12.0,,0.0,,Scheduled
282347824,9058104,8.0,0.0,,60.0,,Scheduled
282351739,9011118,,,,0.0,,Scheduled
261503798,9098641,,,,0.0,,Scheduled
279028994,9013716,48.0,0.0,,-30.0,,Scheduled
279030076,9014183,15.0,0.0,,0.0,,Scheduled
266932842,9048500,13.0,244.0,,244.0,,Scheduled
282351727,9011118,,,,0.0,,Scheduled
282183862,9057819,,,,0.0,,Scheduled
282348146,9058104,,,,0.0,,Scheduled
282357109,9071612,,,,0.0,,Scheduled
282188160,9090291,2.0,60.0,,0.0,,Scheduled
282384970,9089597,,,,0.0,,Scheduled
282349100,8002549,,,,0.0,,Scheduled
282352135,9098523,,,,0.0,,Scheduled
282351679,9011118,16.0,60.0,,0.0,,Scheduled
282181218,9039654,,,,0.0,,Scheduled
282187735,9014316,,,,0.0,,Scheduled
282357097,9071612,,,,0.0,,Scheduled
261503702,9000412,,,,0.0,,Scheduled
282348521,9057819,,,,0.0,,Scheduled
282351677,9068704,,,,0.0,,Scheduled
282182490,8000297,,,,0.0,,Scheduled
282352131,9098523,,,,0.0,,Scheduled
282357161,9013927,,,,0.0,,Scheduled
257706700,9000227,27.0,8.0,,8.0,,Scheduled
282347664,9066582,,,,0.0,,Scheduled
282385008,9089597,,,,0.0,,Scheduled
282181398,8002553,,,,0.0,,Scheduled
262959271,9014992,9.0,25.0,,25.0,,Scheduled
282182159,8000036,10.0,60.0,,0.0,,Scheduled
282351687,8010256,,,,0.0,,Scheduled
282357116,9071612,,,,0.0,,Scheduled
282183936,8000238,,,,0.0,,Scheduled
282348027,9058104,,,,0.0,,Scheduled
279037797,9013709,41.0,0.0,1683571860.0,0.0,1683571860.0,Scheduled
282187488,9071612,,,,0.0,,Scheduled
282180942,8002549,,,,0.0,,Scheduled
282184130,9057819,,,,0.0,,Scheduled
262959287,9013925,,,,0.0,,Scheduled
282181189,9066023,,,,0.0,,Scheduled
279035437,9013689,14.0,0.0,,0.0,,Scheduled
282351434,8000049,,,,0.0,,Scheduled
275934628,9013856,,,,103.0,,Scheduled
282348328,8002549,,,,0.0,,Scheduled
282183742,9049079,,,,0.0,,Scheduled
282384689,9044660,,,,0.0,,Scheduled
282351597,8000049,,,,0.0,,Scheduled
282185245,8001884,,,,0.0,,Scheduled
255946917,9019777,25.0,0.0,,-30.0,,Scheduled
267758303,9049094,44.0,0.0,,0.0,,Scheduled
257706991,9000129,15.0,0.0,,0.0,,Scheduled
282357372,8002549,,,,0.0,,Scheduled
274388922,708443,14.0,0.0,,0.0,,Scheduled
256654369,9081694,4.0,-111.0,,0.0,,Scheduled
273198437,705025,,,,0.0,,Scheduled
282384977,9089597,,,,0.0,,Scheduled
257707584,9096048,32.0,0.0,,0.0,,Scheduled
279033025,9014022,,,,0.0,,Scheduled
262960350,9067591,,,,0.0,,Scheduled
282357770,9072711,6.0,120.0,,120.0,,Scheduled
282358283,8002549,,,,0.0,,Scheduled
282385314,8010268,,,,0.0,,Scheduled
282384876,9049320,,,,0.0,,Scheduled
282187733,9014316,,,,0.0,,Scheduled
254153489,3475297,,,,0.0,,Scheduled
282183841,9049079,,,,0.0,,Scheduled
274414358,705105,16.0,30.0,,30.0,,Scheduled
279034468,9014004,21.0,0.0,,0.0,,Scheduled
257707590,9096048,32.0,0.0,,0.0,,Scheduled
279026906,9013765,,,,0.0,,Scheduled
275934554,9013962,,,,0.0,,Scheduled
282485072,9014411,25.0,146.0,,146.0,,Scheduled
282181430,8002553,,,,0.0,,Scheduled
282181657,9066023,,,,0.0,,Scheduled
282357802,9049079,,,,0.0,,Scheduled
280187121,9013716,,,,0.0,,Scheduled
282357777,8002548,7.0,120.0,,60.0,,Scheduled
279033127,9014022,17.0,0.0,,-30.0,,Scheduled
279028407,9013905,,,,0.0,,Scheduled
279038980,9014150,34.0,0.0,,0.0,,Scheduled
282351545,8000049,,,,0.0,,Scheduled
282184135,9057832,1.0,60.0,,0.0,,Scheduled
282349064,8002549,,,,0.0,,Scheduled
282358203,9027253,,,,0.0,,Scheduled
282348161,9058104,,,,0.0,,Scheduled
282347966,9057819,,,,0.0,,Scheduled
282181258,9017279,,,,0.0,,Scheduled
255925752,9044561,16.0,-60.0,,0.0,,Scheduled
274388769,708367,38.0,0.0,,20.0,,Scheduled
279032883,9014238,9.0,0.0,,0.0,,Scheduled
282351468,8005413,,,,0.0,,Scheduled
282181313,9043067,,,,0.0,,Scheduled
265515193,9089046,,,,0.0,,Scheduled
261502843,9098623,,,,0.0,,Scheduled
275136794,9089046,,,,0.0,,Scheduled
282392429,8000058,14.0,60.0,,60.0,,Scheduled
254158808,3480367,14.0,-62.0,,0.0,,Scheduled
282180925,8002549,,,,0.0,,Scheduled
256661736,9080733,6.0,0.0,,0.0,,Scheduled
282357121,9071612,,,,0.0,,Scheduled
275140280,9068000,,,,0.0,,Scheduled
282348513,9057819,,,,0.0,,Scheduled
274396597,705019,20.0,163.0,,193.0,,Scheduled
282183850,9057819,,,,0.0,,Scheduled
279041288,9013971,,,,0.0,,Scheduled
282347630,9057819,,,,0.0,,Scheduled
276485578,9052499,14.0,,1683610500.0,,,Skipped
282181510,9101825,,,,0.0,,Scheduled
282357068,9014515,,,,0.0,,Scheduled
282181081,9046671,,,,0.0,,Scheduled
282348932,8002549,,,,0.0,,Scheduled
282183779,9057819,,,,0.0,,Scheduled
282183963,8000238,,,,0.0,,Scheduled
282357703,9066023,,,,0.0,,Scheduled
282181330,8002553,,,,0.0,,Scheduled
282181231,9066023,,,,0.0,,Scheduled
282181473,9046671,,,,0.0,,Scheduled
282385351,8010241,,,,0.0,,Scheduled
282351611,8005270,,,,0.0,,Scheduled
282351720,9011118,,,,0.0,,Scheduled
274416672,705119,,,,0.0,,Scheduled
282356840,8000152,,,,0.0,,Scheduled
282351949,9039654,,,,0.0,,Scheduled
266932853,9013925,,,,0.0,,Scheduled
257708906,9095185,54.0,0.0,,0.0,,Scheduled
282185278,8000029,,,,0.0,,Scheduled
282385495,9057819,,,,0.0,,Scheduled
282351429,8000049,,,,0.0,,Scheduled
282351458,8005413,,,,0.0,,Scheduled
282352085,9048669,13.0,120.0,1683565920.0,120.0,1683565980.0,Scheduled
282356989,8000152,,,,0.0,,Scheduled
282351439,8005270,,,,0.0,,Scheduled
254159642,3490309,2.0,-60.0,,0.0,,Scheduled
279031516,9014184,,,,0.0,,Scheduled
282184007,9057819,,,,0.0,,Scheduled
282392442,8010304,,,,0.0,,Scheduled
279029500,9013716,,,,0.0,,Scheduled
282330360,8001315,,,,0.0,,Scheduled
282357390,9027253,10.0,900.0,,1020.0,,Scheduled
282348938,8002549,,,,0.0,,Scheduled
282347717,9058104,,,,0.0,,Scheduled
278999140,9018928,33.0,180.0,,180.0,,Scheduled
274408858,708451,10.0,0.0,,45.0,,Scheduled
282181404,8002553,,,,0.0,,Scheduled
282183935,8000238,,,,0.0,,Scheduled
282385031,9027253,,,,0.0,,Scheduled
282484969,9014385,13.0,30.0,,30.0,,Scheduled
276928753,9013925,,,,0.0,,Scheduled
282183839,9049079,,,,0.0,,Scheduled
282185180,9033817,,,,0.0,,Scheduled
256744416,9013925,,,,0.0,,Scheduled
282351418,8000049,,,,0.0,,Scheduled
261501818,9000412,,,,0.0,,Scheduled
282351957,9039654,,,,0.0,,Scheduled
282181679,9066023,,,,0.0,,Scheduled
276928596,9090035,22.0,103.0,,0.0,,Scheduled
282184076,9049079,,,,0.0,,Scheduled
282352037,8002553,,,,0.0,,Scheduled
282349092,8002549,,,,0.0,,Scheduled
255946774,9013807,33.0,0.0,,0.0,,Scheduled
282385450,8010066,,,,0.0,,Scheduled
262959665,9049821,,,,0.0,,Scheduled
282352034,8002553,,,,0.0,,Scheduled
282351595,8000049,,,,0.0,,Scheduled
282392417,9340000,,,,0.0,,Scheduled
282134846,9062376,20.0,0.0,,0.0,,Scheduled
282180923,8002549,,,,0.0,,Scheduled
282347796,8002549,,,,0.0,,Scheduled
273198440,705025,,,,0.0,,Scheduled
282357933,9027253,,,,0.0,,Scheduled
280188480,9019713,12.0,0.0,,0.0,,Scheduled
282181514,9101825,,,,0.0,,Scheduled
280187246,9013925,,,,0.0,,Scheduled
274391377,705012,19.0,0.0,,30.0,,Scheduled
277253655,9030170,12.0,60.0,,102.0,,Scheduled
257708426,9000940,5.0,,,0.0,,Scheduled
279031521,9014184,,,,0.0,,Scheduled
273984179,9093686,2.0,84.0,,84.0,,Scheduled
282181688,9066023,,,,0.0,,Scheduled
279033835,9013843,34.0,0.0,,0.0,,Scheduled
264505134,9094583,8.0,119.0,,119.0,,Scheduled
282358060,9049079,,,,0.0,,Scheduled
282181195,9066023,,,,0.0,,Scheduled
282183737,9049079,,,,0.0,,Scheduled
282349126,8002549,,,,0.0,,Scheduled
257707854,9000477,30.0,0.0,,0.0,,Scheduled
276485576,9058141,4.0,,1683610680.0,,,Skipped
279027038,9013765,,,,0.0,,Scheduled
282351944,9039654,,,,0.0,,Scheduled
254836011,9061828,7.0,0.0,,0.0,,Scheduled
282357124,9071612,,,,0.0,,Scheduled
282181326,8002553,,,,0.0,,Scheduled
274406119,705104,11.0,61.0,,81.0,,Scheduled
282181298,9043067,,,,0.0,,Scheduled
282351860,9001717,,,,0.0,,Scheduled
275934624,9013962,,,,0.0,,Scheduled
282384894,9049320,,,,0.0,,Scheduled
282358289,8002549,,,,0.0,,Scheduled
279033330,9014183,15.0,0.0,,0.0,,Scheduled
282185241,8001884,,,,0.0,,Scheduled
282351613,8005270,,,,0.0,,Scheduled
282485332,9014481,3.0,-13.0,,0.0,,Scheduled
282347655,9066582,,,,0.0,,Scheduled
282181629,8000023,,,,0.0,,Scheduled
282351488,8000049,,,,0.0,,Scheduled
282351953,9039654,,,,0.0,,Scheduled
257708531,9000266,39.0,0.0,,0.0,,Scheduled
282184176,9057819,,,,0.0,,Scheduled
282358309,9049079,,,,0.0,,Scheduled
274416947,705118,,,,0.0,,Scheduled
282351634,9041699,,,,0.0,,Scheduled
282183825,9049079,,,,0.0,,Scheduled
282351431,8000049,,,,0.0,,Scheduled
282348164,9058104,,,,0.0,,Scheduled
282356867,9013927,,,,0.0,,Scheduled
282385407,8010268,,,,0.0,,Scheduled
282349173,8000804,,,,0.0,,Scheduled
282185445,9033817,,,,0.0,,Scheduled
279032070,9014183,4.0,0.0,,0.0,,Scheduled
282351893,9023280,,,,0.0,,Scheduled
282385480,9057819,,,,0.0,,Scheduled
257707553,9000556,15.0,0.0,,0.0,,Scheduled
282348948,8002549,,,,0.0,,Scheduled
282349229,8000023,,,,0.0,,Scheduled
258444097,9055132,23.0,-93.0,,0.0,,Scheduled
282348517,9057819,,,,0.0,,Scheduled
282385059,9027253,,,,0.0,,Scheduled
282183675,9104540,,,,0.0,,Scheduled
274389112,705064,38.0,0.0,,30.0,,Scheduled
282183732,9049079,,,,0.0,,Scheduled
282384822,9076697,,,,0.0,,Scheduled
282384701,9006220,,,,0.0,,Scheduled
256794147,9015411,,,,0.0,,Scheduled
282348953,8002549,,,,0.0,,Scheduled
254163640,706571,25.0,360.0,,360.0,,Scheduled
257708772,9000446,53.0,0.0,,0.0,,Scheduled
255948221,9089379,,,,0.0,,Scheduled
262959243,9089379,,,,0.0,,Scheduled
282183960,8000058,,,,0.0,,Scheduled
280192805,9013887,22.0,0.0,,12.0,,Scheduled
282351948,9039654,,,,0.0,,Scheduled
282357782,9049079,,,,0.0,,Scheduled
282348356,8002549,,,,0.0,,Scheduled
279032712,9013947,23.0,0.0,,0.0,,Scheduled
282358055,9049079,,,,0.0,,Scheduled
265720111,9049152,16.0,-60.0,,0.0,,Scheduled
282385309,8010268,,,,0.0,,Scheduled
282357713,9066023,,,,0.0,,Scheduled
254163234,3480039,9.0,0.0,,0.0,,Scheduled
282181302,9043067,,,,0.0,,Scheduled
282347614,9006090,1.0,0.0,,0.0,,Scheduled
282351947,9039654,,,,0.0,,Scheduled
282183865,9057819,,,,0.0,,Scheduled
282351839,9051354,,,,0.0,,Scheduled
279028153,9014285,,,,0.0,,Scheduled
282352089,8002553,,,,0.0,,Scheduled
282181067,9046671,,,,0.0,,Scheduled
282348334,8002549,,,,0.0,,Scheduled
282351901,9091723,1.0,0.0,,0.0,,Scheduled
282351594,8000049,,,,0.0,,Scheduled
274323309,9075860,16.0,60.0,,0.0,,Scheduled
257708106,9000150,6.0,0.0,,0.0,,Scheduled
282184180,9057819,,,,0.0,,Scheduled
282181256,9017279,,,,0.0,,Scheduled
282351455,8005270,,,,0.0,,Scheduled
282348362,8002549,,,,0.0,,Scheduled
282352133,9098523,,,,0.0,,Scheduled
282351821,9033817,,,,0.0,,Scheduled
282392447,9340000,,,,0.0,,Scheduled
262960356,9054897,6.0,61.0,,61.0,,Scheduled
282347636,9057819,,,,0.0,,Scheduled
273205724,706326,,,,0.0,,Scheduled
282182124,8000036,,,,0.0,,Scheduled
280187038,9013823,21.0,0.0,,0.0,,Scheduled
282185233,8001884,,,,0.0,,Scheduled
282181458,8000092,,,,0.0,,Scheduled
279033689,9014183,25.0,0.0,,0.0,,Scheduled
274761467,705284,,,,0.0,,Scheduled
255926209,9086743,15.0,180.0,,180.0,,Scheduled
262959759,9013925,,,,0.0,,Scheduled
265515192,9098851,22.0,31.0,,31.0,,Scheduled
282181402,8002553,,,,0.0,,Scheduled
275934696,9013856,,,,0.0,,Scheduled
282185186,9033817,,,,0.0,,Scheduled
282133689,9076731,25.0,-66.0,,0.0,,Scheduled
282181691,9066023,,,,0.0,,Scheduled
280194139,9013914,9.0,0.0,,0.0,,Scheduled
282185217,8001884,,,,0.0,,Scheduled
279033537,9013749,2.0,0.0,,0.0,,Scheduled
273198374,705154,,,,0.0,,Scheduled
282351541,8000049,,,,0.0,,Scheduled
282347618,9057819,,,,0.0,,Scheduled
282183775,9057819,,,,0.0,,Scheduled
282385006,9089597,,,,0.0,,Scheduled
279031850,9014285,,,,0.0,,Scheduled
282351536,9041699,,,,0.0,,Scheduled
262959666,9015001,15.0,1.0,,1.0,,Scheduled
282349169,8000804,,,,0.0,,Scheduled
282351882,9001717,,,,0.0,,Scheduled
282182623,8000297,,,,0.0,,Scheduled
282357382,8002549,,,,0.0,,Scheduled
282385424,8010066,,,,0.0,,Scheduled
282352137,9098523,,,,0.0,,Scheduled
282384679,9044660,,,,0.0,,Scheduled
280187943,9019748,27.0,0.0,,0.0,,Scheduled
282181242,9066023,,,,0.0,,Scheduled
275936853,9003841,25.0,98.0,,98.0,,Scheduled
265759757,9089379,,,,13.0,,Scheduled
280187039,9013823,21.0,0.0,,0.0,,Scheduled
257706110,9000392,15.0,0.0,,0.0,,Scheduled
282357623,8002549,,,,0.0,,Scheduled
282132804,9071949,24.0,0.0,,0.0,,Scheduled
280190479,9014044,28.0,0.0,,0.0,,Scheduled
282181490,9101825,,,,0.0,,Scheduled
279027155,9013823,26.0,0.0,,0.0,,Scheduled
282187859,9091901,,,,0.0,,Scheduled
282347658,9057819,6.0,0.0,,60.0,,Scheduled
282181263,9034526,10.0,0.0,,0.0,,Scheduled
282351587,8000049,,,,0.0,,Scheduled
282351569,8000049,,,,0.0,,Scheduled
282183824,9049079,,,,0.0,,Scheduled
282181301,9043067,,,,0.0,,Scheduled
282183739,9049079,,,,0.0,,Scheduled
282348952,8002549,,,,0.0,,Scheduled
282349232,8000023,,,,0.0,,Scheduled
254164650,704164,40.0,0.0,,0.0,,Scheduled
282183897,8000238,,,,0.0,,Scheduled
282183833,9049079,,,,0.0,,Scheduled
282348374,8002549,,,,0.0,,Scheduled
257707114,9090310,12.0,0.0,,0.0,,Scheduled
273198499,708436,1.0,24.0,,24.0,,Scheduled
279027618,9013905,28.0,0.0,,42.0,,Scheduled
280181779,3495236,5.0,180.0,,180.0,,Scheduled
256661752,9080725,25.0,0.0,,0.0,,Scheduled
282184136,9057819,,,,0.0,,Scheduled
282384705,9006220,,,,0.0,,Scheduled
278998562,9022733,29.0,180.0,,180.0,,Scheduled
282347653,9066582,,,,0.0,,Scheduled
282185427,9033817,,,,0.0,,Scheduled
282181332,8002553,,,,0.0,,Scheduled
282184216,9074957,8.0,0.0,,0.0,,Scheduled
282484706,9014443,29.0,0.0,,0.0,,Scheduled
261503701,9000412,,,,0.0,,Scheduled
281357291,9007519,,,,0.0,,Scheduled
279033125,9014022,17.0,0.0,,-30.0,,Scheduled
282351912,9023280,,,,0.0,,Scheduled
262959679,9049821,,,,0.0,,Scheduled
282357089,9014515,12.0,60.0,,120.0,,Scheduled
282357805,9049079,,,,0.0,,Scheduled
282351923,9046671,,,,0.0,,Scheduled
282357806,9049079,,,,0.0,,Scheduled
280647631,705147,,,,0.0,,Scheduled
279035435,9013689,14.0,0.0,,0.0,,Scheduled
282485542,9014476,24.0,140.0,,140.0,,Scheduled
282063703,9046966,29.0,0.0,,0.0,,Scheduled
282137284,9081356,22.0,-193.0,,-71.0,,Scheduled
282357335,8002549,,,,0.0,,Scheduled
282183927,8000238,,,,0.0,,Scheduled
279031223,9014022,21.0,0.0,,6.0,,Scheduled
282185101,8000193,,,,0.0,,Scheduled
266253974,9057967,3.0,120.0,,120.0,,Scheduled
282463210,8000152,,,,0.0,,Scheduled
282181460,8000092,,,,0.0,,Scheduled
282351581,8000049,,,,0.0,,Scheduled
282183677,9104540,,,,0.0,,Scheduled
282347605,9057819,,,,0.0,,Scheduled
276928794,9013925,,,,0.0,,Scheduled
282183777,9057819,,,,0.0,,Scheduled
282131316,9043006,7.0,120.0,,120.0,,Scheduled
282181089,9046671,,,,0.0,,Scheduled
274416671,705119,,,,0.0,,Scheduled
282485434,9014433,57.0,0.0,,30.0,,Scheduled
282484944,9014423,,,,0.0,,Scheduled
282347626,9057819,,,,0.0,,Scheduled
282349235,8002549,8.0,-60.0,,0.0,,Scheduled
274761417,706458,16.0,-76.0,,0.0,,Scheduled
280193732,9013685,3.0,0.0,,0.0,,Scheduled
279033386,9013877,28.0,30.0,1683570240.0,42.0,1683570240.0,Scheduled
279031688,9013905,,,,0.0,,Scheduled
282351909,9023280,,,,0.0,,Scheduled
282352236,9098523,,,,0.0,,Scheduled
282351406,8000159,,,,0.0,,Scheduled
282184245,9049079,,,,0.0,,Scheduled
282184046,9049079,,,,0.0,,Scheduled
280187120,9013716,,,,0.0,,Scheduled
256658246,9027445,,,,0.0,,Scheduled
282357138,9014515,,,,0.0,,Scheduled
257708087,9000995,13.0,141.0,,201.0,,Scheduled
254154143,3475610,,,,0.0,,Scheduled
282347617,9057819,,,,0.0,,Scheduled
254167532,3490009,16.0,-300.0,,0.0,,Scheduled
282351492,8000049,,,,0.0,,Scheduled
282180917,8002549,,,,0.0,,Scheduled
273198706,705780,,,,168.0,,Scheduled
256659983,9030076,27.0,-180.0,,0.0,,Scheduled
279032079,9014183,15.0,0.0,,0.0,,Scheduled
282351419,8000049,,,,0.0,,Scheduled
282357893,9027253,,,,0.0,,Scheduled
282357144,9014515,,,,0.0,,Scheduled
279031832,9013823,21.0,0.0,,0.0,,Scheduled
282181285,9017279,,,,0.0,,Scheduled
282351852,9051354,,,,0.0,,Scheduled
280191565,9014285,,,,0.0,,Scheduled
279370849,9013925,18.0,-180.0,,289.0,,Scheduled
257709664,9000129,6.0,0.0,,0.0,,Scheduled
262960423,9089046,,,,0.0,,Scheduled
282132127,9012798,10.0,-120.0,,0.0,,Scheduled
282351863,9001719,,,,0.0,,Scheduled
274411767,708555,18.0,0.0,,0.0,,Scheduled
262960365,9067591,,,,0.0,,Scheduled
282356894,9067927,,,,0.0,,Scheduled
282188032,9013927,,,,0.0,,Scheduled
275490244,3485209,12.0,-60.0,,0.0,,Scheduled
282181390,8001387,6.0,300.0,,240.0,,Scheduled
279036530,9014105,13.0,-12.0,,0.0,,Scheduled
273202886,705969,,,,0.0,,Scheduled
282347633,9057819,,,,0.0,,Scheduled
273201468,705646,5.0,-142.0,,0.0,,Scheduled
282385466,8012758,19.0,60.0,,60.0,,Scheduled
282330429,9014519,8.0,120.0,,0.0,,Scheduled
273198351,705154,,,,0.0,,Scheduled
282181626,8000023,,,,0.0,,Scheduled
274405782,708301,7.0,0.0,,0.0,,Scheduled
265515401,9016140,8.0,43.0,,43.0,,Scheduled
273197598,705177,,,,0.0,,Scheduled
282181232,9066023,,,,0.0,,Scheduled
279028157,9014285,,,,0.0,,Scheduled
282182165,8000297,,,,0.0,,Scheduled
257708779,9000446,53.0,0.0,,0.0,,Scheduled
282183931,8000238,,,,0.0,,Scheduled
275936990,9025068,4.0,142.0,,142.0,,Scheduled
279027932,9013905,,,,0.0,,Scheduled
280190679,9014195,23.0,0.0,,0.0,,Scheduled
282385259,9044660,,,,0.0,,Scheduled
274323982,9026279,1.0,60.0,,60.0,,Scheduled
279031685,9013905,,,,0.0,,Scheduled
282183679,9104540,,,,0.0,,Scheduled
282351856,9001717,,,,0.0,,Scheduled
282351596,8000049,,,,0.0,,Scheduled
282357152,9013927,,,,0.0,,Scheduled
282185132,8001884,,,,0.0,,Scheduled
274414070,708404,15.0,0.0,,0.0,,Scheduled
282385365,9303000,,,,0.0,,Scheduled
282385291,9044660,,,,0.0,,Scheduled
257708610,9000995,15.0,94.0,,94.0,,Scheduled
279027330,9013765,43.0,0.0,,18.0,,Scheduled
275140537,9003782,15.0,71.0,,71.0,,Scheduled
280190709,9014052,28.0,0.0,,0.0,,Scheduled
279034552,9014301,22.0,0.0,,0.0,,Scheduled
282352152,9098523,,,,0.0,,Scheduled
257707094,9090310,12.0,0.0,,0.0,,Scheduled
282357126,9071612,,,,0.0,,Scheduled
282181707,9066023,,,,0.0,,Scheduled
282351473,8005413,,,,0.0,,Scheduled
282352103,8002553,,,,0.0,,Scheduled
278997160,9062903,10.0,-73.0,,0.0,,Scheduled
282484744,9014423,,,,0.0,,Scheduled
265719242,9002365,19.0,120.0,,0.0,,Scheduled
277255038,9027001,12.0,300.0,,300.0,,Scheduled
282330359,8001315,,,,0.0,,Scheduled
282184140,9057819,,,,0.0,,Scheduled
282181191,9066023,,,,0.0,,Scheduled
282185154,9033817,,,,0.0,,Scheduled
280190711,9014052,28.0,0.0,,0.0,,Scheduled
282130650,9031198,30.0,480.0,,480.0,,Scheduled
282348501,9057819,,,,0.0,,Scheduled
282358232,9027253,,,,0.0,,Scheduled
279032884,9014238,9.0,0.0,,0.0,,Scheduled
282181320,8002553,,,,0.0,,Scheduled
279033539,9013932,24.0,0.0,1683571920.0,0.0,1683572040.0,Skipped
282392444,8010304,,,,0.0,,Scheduled
257705235,9070439,42.0,-66.0,,-85.0,,Scheduled
282384914,9026827,3.0,60.0,,0.0,,Scheduled
282352172,9098523,,,,0.0,,Scheduled
282185129,9033817,,,,0.0,,Scheduled
282181284,9017279,,,,0.0,,Scheduled
257705264,9000042,40.0,0.0,,0.0,,Scheduled
282180920,8002549,,,,0.0,,Scheduled
277253551,9024247,8.0,0.0,,0.0,,Scheduled
274761448,708511,32.0,194.0,,204.0,,Scheduled
262959709,9013925,,,,0.0,,Scheduled
282384996,9089597,,,,0.0,,Scheduled
282352246,9098523,,,,0.0,,Scheduled
279041287,9013971,,,,0.0,,Scheduled
257708085,9000074,2.0,192.0,,192.0,,Scheduled
282182523,8000297,,,,0.0,,Scheduled
279031956,9013905,,,,0.0,,Scheduled
280187244,9013925,,,,0.0,,Scheduled
275934698,9013856,,,,0.0,,Scheduled
281008469,708577,10.0,30.0,,30.0,,Scheduled
282384934,9076697,,,,0.0,,Scheduled
282184032,9057819,,,,0.0,,Scheduled
255948469,9082975,20.0,52.0,,52.0,,Scheduled
282181540,9101825,,,,0.0,,Scheduled
282357296,8002549,,,,0.0,,Scheduled
279033126,9014022,17.0,0.0,,-30.0,,Scheduled
282351760,8000019,,,,0.0,,Scheduled
282357129,9014515,,,,0.0,,Scheduled
261013761,9011533,12.0,25.0,,25.0,,Scheduled
280191765,9014285,,,,0.0,,Scheduled
282384909,9076697,,,,0.0,,Scheduled
261501875,9006433,22.0,49.0,,0.0,,Scheduled
282181438,8002553,,,,0.0,,Scheduled
282385253,9044660,,,,0.0,,Scheduled
257705051,9000101,43.0,0.0,,-30.0,,Scheduled
282185158,9033817,,,,0.0,,Scheduled
281008041,705025,13.0,0.0,,30.0,,Scheduled
282351409,8000159,,,,0.0,,Scheduled
282181283,9017279,,,,0.0,,Scheduled
282185068,8000193,,,,0.0,,Scheduled
257706702,9090222,22.0,0.0,,0.0,,Scheduled
274761466,705284,,,,0.0,,Scheduled
265720614,9040132,16.0,180.0,,180.0,,Scheduled
282351449,8005270,,,,0.0,,Scheduled
279033745,9014007,38.0,-12.0,,0.0,,Scheduled
279031518,9014184,,,,0.0,,Scheduled
282347652,9066582,,,,0.0,,Scheduled
279028155,9014285,,,,0.0,,Scheduled
279027722,9014184,,,,0.0,,Scheduled
282385465,9057819,,,,0.0,,Scheduled
282384687,9044660,,,,0.0,,Scheduled
282181087,9046671,,,,0.0,,Scheduled
282351593,8000049,,,,0.0,,Scheduled
282181685,9066023,,,,0.0,,Scheduled
282181070,8000092,,,,0.0,,Scheduled
